Datetime,open,high,low,close,Adj Close,Volume,candlestick_pattern,candlestick_match_count,signal
2021-08-06 09:30:00+08:00,26262.970703125,26262.970703125,26027.3203125,26103.9296875,26103.9296875,0,NO_PATTERN,0.0,None
2021-08-06 09:35:00+08:00,26105.580078125,26136.119140625,26002.41015625,26028.990234375,26028.990234375,0,NO_PATTERN,0.0,None
2021-08-06 09:40:00+08:00,26027.439453125,26147.1796875,26021.9609375,26133.830078125,26133.830078125,0,CDLENGULFING_Bull,1.0,Buy
2021-08-06 09:45:00+08:00,26137.5,26138.66015625,26052.5390625,26090.529296875,26090.529296875,0,NO_PATTERN,0.0,None
2021-08-06 09:50:00+08:00,26094.029296875,26122.5703125,26073.279296875,26122.5703125,26122.5703125,0,NO_PATTERN,0.0,None
2021-08-06 09:55:00+08:00,26119.359375,26199.380859375,26099.55078125,26195.4609375,26195.4609375,0,CDLHIKKAKE_Bear,1.0,Sell
2021-08-06 10:00:00+08:00,26191.150390625,26192.7890625,26125.16015625,26152.279296875,26152.279296875,0,NO_PATTERN,0.0,None
2021-08-06 10:05:00+08:00,26152.330078125,26205.580078125,26149.25,26199.060546875,26199.060546875,0,CDLHIKKAKE_Bear,1.0,Sell
2021-08-06 10:10:00+08:00,26198.150390625,26199.150390625,26150.599609375,26186.91015625,26186.91015625,0,NO_PATTERN,0.0,None
2021-08-06 10:15:00+08:00,26184.41015625,26187.75,26166.599609375,26175.66015625,26175.66015625,0,NO_PATTERN,0.0,None
2021-08-06 10:20:00+08:00,26174.509765625,26175.439453125,26114.349609375,26129.7890625,26129.7890625,0,CDLHIKKAKE_Bull,1.0,Buy
2021-08-06 10:25:00+08:00,26128.109375,26152.349609375,26101.119140625,26125.490234375,26125.490234375,0,CDLRICKSHAWMAN_Bull,5.0,Buy
2021-08-06 10:30:00+08:00,26126.91015625,26153.5390625,26114.19921875,26134.48046875,26134.48046875,0,CDLXSIDEGAP3METHODS_Bear,2.0,Sell
2021-08-06 10:35:00+08:00,26133.2890625,26136.640625,26091.669921875,26093.2890625,26093.2890625,0,CDLCLOSINGMARUBOZU_Bear,3.0,Sell
2021-08-06 10:40:00+08:00,26090.6796875,26103.310546875,26079.619140625,26096.220703125,26096.220703125,0,CDLTHRUSTING_Bear,2.0,Sell
2021-08-06 10:45:00+08:00,26096.91015625,26098.080078125,26052.2109375,26058.990234375,26058.990234375,0,CDLBELTHOLD_Bear,2.0,Sell
2021-08-06 10:50:00+08:00,26059.359375,26109.16015625,26054.1796875,26095.369140625,26095.369140625,0,NO_PATTERN,0.0,None
2021-08-06 10:55:00+08:00,26093.439453125,26093.439453125,26074.4296875,26091.349609375,26091.349609375,0,CDLLONGLEGGEDDOJI_Bull,6.0,Buy
2021-08-06 11:00:00+08:00,26091.650390625,26127.98046875,26091.58984375,26123.76953125,26123.76953125,0,CDLSEPARATINGLINES_Bull,3.0,Buy
2021-08-06 11:05:00+08:00,26125.419921875,26165.599609375,26125.419921875,26133.630859375,26133.630859375,0,CDLSHOOTINGSTAR_Bear,1.0,Sell
2021-08-06 11:10:00+08:00,26134.7109375,26135.66015625,26108.2890625,26109.7109375,26109.7109375,0,CDLEVENINGSTAR_Bear,5.0,Sell
2021-08-06 11:15:00+08:00,26118.080078125,26126.69921875,26101.279296875,26110.189453125,26110.189453125,0,CDLMATCHINGLOW_Bull,4.0,Buy
2021-08-06 11:20:00+08:00,26106.140625,26129.109375,26106.140625,26123.349609375,26123.349609375,0,CDLUNIQUE3RIVER_Bull,2.0,Buy
2021-08-06 11:25:00+08:00,26123.140625,26168.4296875,26121.3203125,26155.310546875,26155.310546875,0,CDL3OUTSIDE_Bull,2.0,Buy
2021-08-06 11:30:00+08:00,26156.349609375,26170.759765625,26143.400390625,26150.279296875,26150.279296875,0,CDLSPINNINGTOP_Bear,1.0,Sell
2021-08-06 11:35:00+08:00,26150.51953125,26207.990234375,26147.9609375,26206.5703125,26206.5703125,0,CDLBELTHOLD_Bull,3.0,Buy
2021-08-06 11:40:00+08:00,26206.25,26220.359375,26194.5390625,26196.66015625,26196.66015625,0,CDLHARAMI_Bear,1.0,Sell
2021-08-06 11:45:00+08:00,26196.6796875,26216.119140625,26176.91015625,26178.1796875,26178.1796875,0,NO_PATTERN,0.0,None
2021-08-06 11:50:00+08:00,26179.029296875,26191.580078125,26167.33984375,26170.7890625,26170.7890625,0,CDL3BLACKCROWS_Bear,2.0,Sell
2021-08-06 11:55:00+08:00,26171.33984375,26205.76953125,26167.2109375,26204.759765625,26204.759765625,0,CDLCLOSINGMARUBOZU_Bull,1.0,Buy
2021-08-06 12:00:00+08:00,26206.75,26206.75,26206.75,26206.75,26206.75,0,CDLDOJISTAR_Bear,2.0,Sell
2021-08-06 13:00:00+08:00,26208.580078125,26220.439453125,26165.80078125,26190.279296875,26190.279296875,0,CDLENGULFING_Bear,1.0,Sell
2021-08-06 13:05:00+08:00,26190.279296875,26210.9609375,26185.25,26196.51953125,26196.51953125,0,NO_PATTERN,0.0,None
2021-08-06 13:10:00+08:00,26198.48046875,26223.33984375,26191.41015625,26223.33984375,26223.33984375,0,CDLCLOSINGMARUBOZU_Bull,2.0,Buy
2021-08-06 13:15:00+08:00,26224.7109375,26256.4296875,26216.76953125,26235.240234375,26235.240234375,0,NO_PATTERN,0.0,None
2021-08-06 13:20:00+08:00,26232.66015625,26238.359375,26222.990234375,26223.740234375,26223.740234375,0,CDLTASUKIGAP_Bull,1.0,Buy
2021-08-06 13:25:00+08:00,26223.740234375,26235.880859375,26207.16015625,26217.69921875,26217.69921875,0,CDLSPINNINGTOP_Bear,2.0,Sell
2021-08-06 13:30:00+08:00,26218.4296875,26276.869140625,26217.55078125,26276.259765625,26276.259765625,0,CDLBELTHOLD_Bull,4.0,Buy
2021-08-06 13:35:00+08:00,26275.900390625,26275.900390625,26130.1796875,26143.810546875,26143.810546875,0,CDLBELTHOLD_Bear,1.0,Sell
2021-08-06 13:40:00+08:00,26144.759765625,26194.259765625,26143.470703125,26187.150390625,26187.150390625,0,CDLBELTHOLD_Bull,1.0,Buy
2021-08-06 13:45:00+08:00,26184.08984375,26196.810546875,26168.23046875,26181.359375,26181.359375,0,CDLRICKSHAWMAN_Bull,8.0,Buy
2021-08-06 13:50:00+08:00,26180.0703125,26223.76953125,26175.369140625,26201.349609375,26201.349609375,0,CDLENGULFING_Bull,1.0,Buy
2021-08-06 13:55:00+08:00,26200.990234375,26215.91015625,26197.060546875,26205.44921875,26205.44921875,0,CDL3OUTSIDE_Bull,4.0,Buy
2021-08-06 14:00:00+08:00,26204.380859375,26204.380859375,26177.91015625,26200.310546875,26200.310546875,0,CDLLONGLEGGEDDOJI_Bull,6.0,Buy
2021-08-06 14:05:00+08:00,26199.080078125,26200.08984375,26179.640625,26182.16015625,26182.16015625,0,NO_PATTERN,0.0,None
2021-08-06 14:10:00+08:00,26183.779296875,26193.94921875,26171.4296875,26189.5,26189.5,0,CDLHIKKAKE_Bull,1.0,Buy
2021-08-06 14:15:00+08:00,26189.669921875,26199.560546875,26184.109375,26192.259765625,26192.259765625,0,CDLRICKSHAWMAN_Bull,5.0,Buy
2021-08-06 14:20:00+08:00,26195.470703125,26211.009765625,26192.130859375,26204.41015625,26204.41015625,0,CDLHIKKAKE_Bull,1.0,Buy
2021-08-06 14:25:00+08:00,26205.75,26218.5,26201.759765625,26203.369140625,26203.369140625,0,CDLLONGLEGGEDDOJI_Bull,3.0,Buy
2021-08-06 14:30:00+08:00,26205.23046875,26222.55078125,26201.779296875,26220.109375,26220.109375,0,CDLCLOSINGMARUBOZU_Bull,1.0,Buy
2021-08-06 14:35:00+08:00,26220.73046875,26233.560546875,26215.720703125,26222.259765625,26222.259765625,0,CDLRICKSHAWMAN_Bull,6.0,Buy
2021-08-06 14:40:00+08:00,26225.51953125,26227.140625,26208.44921875,26216.509765625,26216.509765625,0,CDLBELTHOLD_Bear,2.0,Sell
2021-08-06 14:45:00+08:00,26216.83984375,26228.810546875,26207.69921875,26224.51953125,26224.51953125,0,NO_PATTERN,0.0,None
2021-08-06 14:50:00+08:00,26224.279296875,26236.33984375,26215.30078125,26226.6796875,26226.6796875,0,CDLHIGHWAVE_Bull,2.0,Buy
2021-08-06 14:55:00+08:00,26226.44921875,26238.490234375,26223.30078125,26229.119140625,26229.119140625,0,CDLSPINNINGTOP_Bull,1.0,Buy
2021-08-06 15:00:00+08:00,26233.19921875,26236.849609375,26223.330078125,26231.73046875,26231.73046875,0,CDLRICKSHAWMAN_Bull,5.0,Buy
2021-08-06 15:05:00+08:00,26230.630859375,26236.2890625,26221.25,26229.439453125,26229.439453125,0,CDLRICKSHAWMAN_Bull,6.0,Buy
2021-08-06 15:10:00+08:00,26231.359375,26232.830078125,26209.5,26213.2109375,26213.2109375,0,CDLBELTHOLD_Bear,1.0,Sell
2021-08-06 15:15:00+08:00,26212.76953125,26219.140625,26199.51953125,26215.890625,26215.890625,0,CDLSPINNINGTOP_Bull,1.0,Buy
2021-08-06 15:20:00+08:00,26217.310546875,26220.830078125,26198.3203125,26200.740234375,26200.740234375,0,CDLENGULFING_Bear,1.0,Sell
2021-08-06 15:25:00+08:00,26200.2890625,26203.7109375,26179.83984375,26188.630859375,26188.630859375,0,CDL3OUTSIDE_Bear,1.0,Sell
2021-08-06 15:30:00+08:00,26188.080078125,26203.470703125,26177.380859375,26179.98046875,26179.98046875,0,NO_PATTERN,0.0,None
2021-08-06 15:35:00+08:00,26180.01953125,26192.580078125,26175.390625,26187.869140625,26187.869140625,0,NO_PATTERN,0.0,None
2021-08-06 15:40:00+08:00,26188.01953125,26195.83984375,26174.279296875,26189.650390625,26189.650390625,0,CDLRICKSHAWMAN_Bull,6.0,Buy
2021-08-06 15:45:00+08:00,26188.560546875,26192.509765625,26177.119140625,26185.41015625,26185.41015625,0,CDLXSIDEGAP3METHODS_Bull,2.0,Buy
2021-08-06 15:50:00+08:00,26182.9296875,26201.94921875,26179.380859375,26201.94921875,26201.94921875,0,CDLCLOSINGMARUBOZU_Bull,3.0,Buy
2021-08-06 15:55:00+08:00,26199.640625,26208.140625,26192.810546875,26201.26953125,26201.26953125,0,CDLRICKSHAWMAN_Bull,7.0,Buy
2021-08-06 16:00:00+08:00,26201.01953125,26201.01953125,26201.01953125,26201.01953125,26201.01953125,0,CDLDOJI_Bull,1.0,Buy
2021-08-06 16:05:00+08:00,26201.01953125,26201.01953125,26179.400390625,26179.400390625,26179.400390625,0,CDLSEPARATINGLINES_Bear,4.0,Sell
2021-08-09 09:30:00+08:00,25969.23046875,26068.8203125,25920.849609375,26035.33984375,26035.33984375,0,NO_PATTERN,0.0,None
2021-08-09 09:35:00+08:00,26037.2109375,26169.509765625,26035.990234375,26146.939453125,26146.939453125,0,CDLBELTHOLD_Bull,1.0,Buy
2021-08-09 09:40:00+08:00,26149.75,26244.380859375,26137.599609375,26233.560546875,26233.560546875,0,NO_PATTERN,0.0,None
2021-08-09 09:45:00+08:00,26240.630859375,26283.560546875,26209.220703125,26213.609375,26213.609375,0,NO_PATTERN,0.0,None
2021-08-09 09:50:00+08:00,26217.330078125,26234.44921875,26155.41015625,26155.41015625,26155.41015625,0,CDLCLOSINGMARUBOZU_Bear,1.0,Sell
2021-08-09 09:55:00+08:00,26158.189453125,26204.279296875,26141.890625,26146.169921875,26146.169921875,0,CDL3BLACKCROWS_Bear,2.0,Sell
2021-08-09 10:00:00+08:00,26149.580078125,26304.880859375,26149.3203125,26274.0,26274.0,0,CDLBELTHOLD_Bull,1.0,Buy
2021-08-09 10:05:00+08:00,26272.2890625,26355.4296875,26272.2890625,26355.4296875,26355.4296875,0,CDLBELTHOLD_Bull,3.0,Buy
2021-08-09 10:10:00+08:00,26358.580078125,26414.140625,26351.4609375,26399.119140625,26399.119140625,0,NO_PATTERN,0.0,None
2021-08-09 10:15:00+08:00,26397.76953125,26435.80078125,26392.48046875,26394.73046875,26394.73046875,0,CDLLONGLEGGEDDOJI_Bull,3.0,Buy
2021-08-09 10:20:00+08:00,26395.490234375,26421.2890625,26388.279296875,26394.9296875,26394.9296875,0,CDLMATCHINGLOW_Bull,7.0,Buy
2021-08-09 10:25:00+08:00,26393.890625,26394.810546875,26356.349609375,26356.5,26356.5,0,NO_PATTERN,0.0,None
2021-08-09 10:30:00+08:00,26353.5,26408.419921875,26353.240234375,26404.859375,26404.859375,0,CDLBELTHOLD_Bull,4.0,Buy
2021-08-09 10:35:00+08:00,26410.310546875,26419.23046875,26394.009765625,26407.869140625,26407.869140625,0,CDL3OUTSIDE_Bull,7.0,Buy
2021-08-09 10:40:00+08:00,26409.669921875,26458.23046875,26409.669921875,26453.0,26453.0,0,CDLSEPARATINGLINES_Bull,4.0,Buy
2021-08-09 10:45:00+08:00,26457.310546875,26504.19921875,26456.75,26495.58984375,26495.58984375,0,NO_PATTERN,0.0,None
2021-08-09 10:50:00+08:00,26493.1796875,26495.130859375,26452.869140625,26461.759765625,26461.759765625,0,NO_PATTERN,0.0,None
2021-08-09 10:55:00+08:00,26461.1796875,26490.310546875,26457.25,26478.0,26478.0,0,NO_PATTERN,0.0,None
2021-08-09 11:00:00+08:00,26482.109375,26501.859375,26460.75,26496.150390625,26496.150390625,0,CDLHIKKAKE_Bear,1.0,Sell
2021-08-09 11:05:00+08:00,26495.640625,26527.240234375,26484.44921875,26491.30078125,26491.30078125,0,CDLSPINNINGTOP_Bear,1.0,Sell
2021-08-09 11:10:00+08:00,26495.890625,26515.080078125,26494.2109375,26494.759765625,26494.759765625,0,CDLLONGLEGGEDDOJI_Bull,3.0,Buy
2021-08-09 11:15:00+08:00,26494.4609375,26495.33984375,26423.08984375,26432.30078125,26432.30078125,0,CDLBELTHOLD_Bear,2.0,Sell
2021-08-09 11:20:00+08:00,26433.169921875,26448.0703125,26422.0,26427.189453125,26427.189453125,0,NO_PATTERN,0.0,None
2021-08-09 11:25:00+08:00,26427.05078125,26447.560546875,26427.05078125,26438.490234375,26438.490234375,0,CDLENGULFING_Bull,1.0,Buy
2021-08-09 11:30:00+08:00,26441.83984375,26441.83984375,26411.5703125,26430.939453125,26430.939453125,0,CDLHAMMER_Bull,2.0,Buy
2021-08-09 11:35:00+08:00,26431.029296875,26447.5390625,26428.9296875,26444.109375,26444.109375,0,NO_PATTERN,0.0,None
2021-08-09 11:40:00+08:00,26443.83984375,26458.0390625,26435.75,26440.419921875,26440.419921875,0,CDLRICKSHAWMAN_Bull,4.0,Buy
2021-08-09 11:45:00+08:00,26444.390625,26444.390625,26410.9609375,26410.9609375,26410.9609375,0,CDLCLOSINGMARUBOZU_Bear,3.0,Sell
2021-08-09 11:50:00+08:00,26410.759765625,26445.0,26407.25,26434.419921875,26434.419921875,0,CDLPIERCING_Bull,1.0,Buy
2021-08-09 11:55:00+08:00,26433.689453125,26433.689453125,26411.130859375,26422.099609375,26422.099609375,0,CDLHARAMI_Bear,1.0,Sell
2021-08-09 12:00:00+08:00,26424.41015625,26424.41015625,26424.41015625,26424.41015625,26424.41015625,0,CDLDOJI_Bull,1.0,Buy
2021-08-09 13:00:00+08:00,26426.08984375,26426.08984375,26401.439453125,26410.9296875,26410.9296875,0,CDLENGULFING_Bear,1.0,Sell
2021-08-09 13:05:00+08:00,26411.33984375,26422.5390625,26387.869140625,26391.310546875,26391.310546875,0,CDL3OUTSIDE_Bear,1.0,Sell
2021-08-09 13:10:00+08:00,26391.970703125,26398.4609375,26350.630859375,26350.630859375,26350.630859375,0,CDLCLOSINGMARUBOZU_Bear,1.0,Sell
2021-08-09 13:15:00+08:00,26353.009765625,26355.58984375,26329.890625,26351.05078125,26351.05078125,0,CDLMATCHINGLOW_Bull,10.0,Buy
2021-08-09 13:20:00+08:00,26350.359375,26366.220703125,26342.16015625,26347.69921875,26347.69921875,0,CDLRICKSHAWMAN_Bull,5.0,Buy
2021-08-09 13:25:00+08:00,26346.33984375,26393.98046875,26345.240234375,26383.23046875,26383.23046875,0,CDLBELTHOLD_Bull,2.0,Buy
2021-08-09 13:30:00+08:00,26379.130859375,26382.439453125,26367.619140625,26376.48046875,26376.48046875,0,CDLRICKSHAWMAN_Bull,6.0,Buy
2021-08-09 13:35:00+08:00,26375.259765625,26415.30078125,26373.939453125,26412.099609375,26412.099609375,0,CDLBELTHOLD_Bull,3.0,Buy
2021-08-09 13:40:00+08:00,26416.98046875,26416.98046875,26376.69921875,26377.380859375,26377.380859375,0,CDLDARKCLOUDCOVER_Bear,4.0,Sell
2021-08-09 13:45:00+08:00,26376.330078125,26391.5703125,26359.69921875,26384.240234375,26384.240234375,0,CDLTHRUSTING_Bear,1.0,Sell
2021-08-09 13:50:00+08:00,26387.259765625,26392.380859375,26375.400390625,26386.109375,26386.109375,0,CDLRICKSHAWMAN_Bull,5.0,Buy
2021-08-09 13:55:00+08:00,26387.470703125,26387.470703125,26359.150390625,26374.080078125,26374.080078125,0,CDLHAMMER_Bull,1.0,Buy
2021-08-09 14:00:00+08:00,26373.51953125,26375.05078125,26355.25,26363.08984375,26363.08984375,0,NO_PATTERN,0.0,None
2021-08-09 14:05:00+08:00,26363.08984375,26378.0390625,26360.05078125,26369.55078125,26369.55078125,0,NO_PATTERN,0.0,None
2021-08-09 14:10:00+08:00,26370.849609375,26371.880859375,26339.05078125,26340.23046875,26340.23046875,0,CDLCLOSINGMARUBOZU_Bear,4.0,Sell
2021-08-09 14:15:00+08:00,26343.2890625,26350.23046875,26323.400390625,26332.830078125,26332.830078125,0,CDL3OUTSIDE_Bear,1.0,Sell
2021-08-09 14:20:00+08:00,26331.33984375,26335.5703125,26303.490234375,26303.490234375,26303.490234375,0,CDLCLOSINGMARUBOZU_Bear,1.0,Sell
2021-08-09 14:25:00+08:00,26299.599609375,26299.859375,26271.759765625,26298.5390625,26298.5390625,0,CDLLONGLEGGEDDOJI_Bull,6.0,Buy
2021-08-09 14:30:00+08:00,26299.73046875,26313.759765625,26281.759765625,26292.140625,26292.140625,0,CDLSPINNINGTOP_Bear,1.0,Sell
2021-08-09 14:35:00+08:00,26289.419921875,26295.900390625,26279.470703125,26292.640625,26292.640625,0,CDLSPINNINGTOP_Bull,1.0,Buy
2021-08-09 14:40:00+08:00,26294.390625,26306.1796875,26277.259765625,26285.94921875,26285.94921875,0,CDLSPINNINGTOP_Bear,2.0,Sell
2021-08-09 14:45:00+08:00,26285.5703125,26292.73046875,26269.5,26277.349609375,26277.349609375,0,CDL3OUTSIDE_Bear,1.0,Sell
2021-08-09 14:50:00+08:00,26277.5390625,26326.880859375,26277.5390625,26305.16015625,26305.16015625,0,CDLBELTHOLD_Bull,1.0,Buy
2021-08-09 14:55:00+08:00,26306.5703125,26308.560546875,26274.44921875,26275.849609375,26275.849609375,0,CDLCLOSINGMARUBOZU_Bear,4.0,Sell
2021-08-09 15:00:00+08:00,26278.830078125,26300.130859375,26265.419921875,26292.55078125,26292.55078125,0,CDLHARAMI_Bull,1.0,Buy
2021-08-09 15:05:00+08:00,26294.490234375,26296.01953125,26277.9609375,26285.75,26285.75,0,NO_PATTERN,0.0,None
2021-08-09 15:10:00+08:00,26281.919921875,26282.80078125,26235.0,26241.689453125,26241.689453125,0,CDLBELTHOLD_Bear,2.0,Sell
2021-08-09 15:15:00+08:00,26239.2109375,26246.369140625,26229.060546875,26242.2890625,26242.2890625,0,CDLRICKSHAWMAN_Bull,4.0,Buy
2021-08-09 15:20:00+08:00,26241.33984375,26273.25,26236.970703125,26263.720703125,26263.720703125,0,NO_PATTERN,0.0,None
2021-08-09 15:25:00+08:00,26263.33984375,26271.4296875,26253.259765625,26265.44921875,26265.44921875,0,CDLRICKSHAWMAN_Bull,5.0,Buy
2021-08-09 15:30:00+08:00,26264.630859375,26288.19921875,26254.98046875,26276.380859375,26276.380859375,0,CDLHIKKAKE_Bear,1.0,Sell
2021-08-09 15:35:00+08:00,26275.9296875,26284.029296875,26253.400390625,26260.0,26260.0,0,NO_PATTERN,0.0,None
2021-08-09 15:40:00+08:00,26258.4296875,26274.80078125,26239.41015625,26274.80078125,26274.80078125,0,CDLHAMMER_Bull,1.0,Buy
2021-08-09 15:45:00+08:00,26274.26953125,26274.26953125,26238.5703125,26241.83984375,26241.83984375,0,CDLBELTHOLD_Bear,2.0,Sell
2021-08-09 15:50:00+08:00,26241.58984375,26253.76953125,26229.580078125,26243.150390625,26243.150390625,0,CDLRICKSHAWMAN_Bull,5.0,Buy
2021-08-09 15:55:00+08:00,26245.529296875,26278.16015625,26243.470703125,26275.640625,26275.640625,0,CDLBELTHOLD_Bull,3.0,Buy
2021-08-09 16:00:00+08:00,26275.640625,26275.640625,26275.640625,26275.640625,26275.640625,0,CDLDOJI_Bull,1.0,Buy
2021-08-09 16:05:00+08:00,26275.640625,26283.400390625,26275.640625,26283.400390625,26283.400390625,0,NO_PATTERN,0.0,None
2021-08-10 09:30:00+08:00,26456.609375,26475.369140625,26321.640625,26333.169921875,26333.169921875,0,NO_PATTERN,0.0,None
2021-08-10 09:35:00+08:00,26324.330078125,26351.529296875,26301.689453125,26324.169921875,26324.169921875,0,CDLRICKSHAWMAN_Bull,6.0,Buy
2021-08-10 09:40:00+08:00,26320.669921875,26351.109375,26292.880859375,26307.80078125,26307.80078125,0,CDLSPINNINGTOP_Bear,1.0,Sell
2021-08-10 09:45:00+08:00,26308.919921875,26309.55078125,26206.869140625,26262.900390625,26262.900390625,0,CDLBELTHOLD_Bear,1.0,Sell
2021-08-10 09:50:00+08:00,26264.359375,26284.94921875,26208.669921875,26237.990234375,26237.990234375,0,NO_PATTERN,0.0,None
2021-08-10 09:55:00+08:00,26238.98046875,26238.98046875,26159.529296875,26159.529296875,26159.529296875,0,CDLCLOSINGMARUBOZU_Bear,4.0,Sell
2021-08-10 10:00:00+08:00,26155.76953125,26192.25,26138.869140625,26192.25,26192.25,0,CDLTHRUSTING_Bear,2.0,Sell
2021-08-10 10:05:00+08:00,26194.439453125,26228.349609375,26175.650390625,26184.880859375,26184.880859375,0,NO_PATTERN,0.0,None
2021-08-10 10:10:00+08:00,26184.509765625,26195.98046875,26167.900390625,26181.2109375,26181.2109375,0,CDLMATCHINGLOW_Bull,6.0,Buy
2021-08-10 10:15:00+08:00,26183.890625,26235.689453125,26176.490234375,26234.759765625,26234.759765625,0,CDLCLOSINGMARUBOZU_Bull,1.0,Buy
2021-08-10 10:20:00+08:00,26235.3203125,26283.44921875,26235.0390625,26275.150390625,26275.150390625,0,CDLBELTHOLD_Bull,1.0,Buy
2021-08-10 10:25:00+08:00,26278.650390625,26331.720703125,26275.099609375,26329.69921875,26329.69921875,0,CDLBELTHOLD_Bull,3.0,Buy
2021-08-10 10:30:00+08:00,26329.029296875,26329.5703125,26272.720703125,26280.94921875,26280.94921875,0,CDLBELTHOLD_Bear,1.0,Sell
2021-08-10 10:35:00+08:00,26280.23046875,26302.5390625,26259.4296875,26302.5390625,26302.5390625,0,NO_PATTERN,0.0,None
2021-08-10 10:40:00+08:00,26306.76953125,26339.779296875,26306.76953125,26330.94921875,26330.94921875,0,NO_PATTERN,0.0,None
2021-08-10 10:45:00+08:00,26333.380859375,26346.83984375,26328.400390625,26340.689453125,26340.689453125,0,NO_PATTERN,0.0,None
2021-08-10 10:50:00+08:00,26336.279296875,26406.140625,26329.5703125,26403.240234375,26403.240234375,0,CDLCLOSINGMARUBOZU_Bull,1.0,Buy
2021-08-10 10:55:00+08:00,26404.869140625,26416.259765625,26386.630859375,26390.5,26390.5,0,NO_PATTERN,0.0,None
2021-08-10 11:00:00+08:00,26387.470703125,26398.19921875,26355.880859375,26364.150390625,26364.150390625,0,NO_PATTERN,0.0,None
2021-08-10 11:05:00+08:00,26362.109375,26380.759765625,26332.25,26344.189453125,26344.189453125,0,NO_PATTERN,0.0,None
2021-08-10 11:10:00+08:00,26338.869140625,26359.1796875,26329.669921875,26354.390625,26354.390625,0,NO_PATTERN,0.0,None
2021-08-10 11:15:00+08:00,26354.310546875,26403.0390625,26349.4296875,26374.23046875,26374.23046875,0,NO_PATTERN,0.0,None
2021-08-10 11:20:00+08:00,26373.390625,26375.880859375,26321.580078125,26323.640625,26323.640625,0,CDLCLOSINGMARUBOZU_Bear,3.0,Sell
2021-08-10 11:25:00+08:00,26326.08984375,26335.4609375,26307.189453125,26324.669921875,26324.669921875,0,CDLMATCHINGLOW_Bull,9.0,Buy
2021-08-10 11:30:00+08:00,26325.619140625,26373.0390625,26322.4296875,26367.330078125,26367.330078125,0,CDLSEPARATINGLINES_Bull,2.0,Buy
2021-08-10 11:35:00+08:00,26367.19921875,26378.150390625,26351.689453125,26354.0,26354.0,0,CDLHARAMI_Bear,1.0,Sell
2021-08-10 11:40:00+08:00,26352.880859375,26374.25,26347.25,26368.630859375,26368.630859375,0,CDLENGULFING_Bull,1.0,Buy
2021-08-10 11:45:00+08:00,26368.330078125,26373.7109375,26347.76953125,26352.23046875,26352.23046875,0,NO_PATTERN,0.0,None
2021-08-10 11:50:00+08:00,26353.5390625,26374.109375,26353.5390625,26366.7890625,26366.7890625,0,CDLHIKKAKE_Bear,1.0,Sell
2021-08-10 11:55:00+08:00,26366.529296875,26372.650390625,26354.69921875,26359.439453125,26359.439453125,0,NO_PATTERN,0.0,None
2021-08-10 12:00:00+08:00,26359.720703125,26359.720703125,26359.720703125,26359.720703125,26359.720703125,0,CDLDOJI_Bull,1.0,Buy
2021-08-10 13:00:00+08:00,26374.529296875,26392.880859375,26360.0,26392.880859375,26392.880859375,0,CDLCLOSINGMARUBOZU_Bull,2.0,Buy
2021-08-10 13:05:00+08:00,26390.26953125,26430.580078125,26389.9609375,26423.75,26423.75,0,CDLBELTHOLD_Bull,1.0,Buy
2021-08-10 13:10:00+08:00,26423.060546875,26423.060546875,26383.44921875,26413.119140625,26413.119140625,0,CDLHARAMI_Bear,1.0,Sell
2021-08-10 13:15:00+08:00,26413.26953125,26415.94921875,26388.099609375,26401.669921875,26401.669921875,0,NO_PATTERN,0.0,None
2021-08-10 13:20:00+08:00,26398.4609375,26412.580078125,26398.330078125,26403.259765625,26403.259765625,0,NO_PATTERN,0.0,None
2021-08-10 13:25:00+08:00,26405.330078125,26416.5390625,26397.3203125,26411.740234375,26411.740234375,0,NO_PATTERN,0.0,None
2021-08-10 13:30:00+08:00,26409.490234375,26430.609375,26409.490234375,26425.94921875,26425.94921875,0,CDLBELTHOLD_Bull,1.0,Buy
2021-08-10 13:35:00+08:00,26427.080078125,26456.720703125,26414.310546875,26443.640625,26443.640625,0,NO_PATTERN,0.0,None
2021-08-10 13:40:00+08:00,26445.359375,26504.359375,26439.30078125,26502.990234375,26502.990234375,0,CDLCLOSINGMARUBOZU_Bull,1.0,Buy
2021-08-10 13:45:00+08:00,26504.4296875,26510.509765625,26486.640625,26497.119140625,26497.119140625,0,NO_PATTERN,0.0,None
2021-08-10 13:50:00+08:00,26498.26953125,26501.380859375,26464.529296875,26481.01953125,26481.01953125,0,NO_PATTERN,0.0,None
2021-08-10 13:55:00+08:00,26479.130859375,26485.609375,26454.05078125,26475.029296875,26475.029296875,0,CDLSPINNINGTOP_Bear,1.0,Sell
2021-08-10 14:00:00+08:00,26477.509765625,26493.4609375,26452.16015625,26482.439453125,26482.439453125,0,CDLXSIDEGAP3METHODS_Bear,3.0,Sell
2021-08-10 14:05:00+08:00,26481.05078125,26499.580078125,26471.240234375,26484.80078125,26484.80078125,0,CDLHIGHWAVE_Bull,2.0,Buy
2021-08-10 14:10:00+08:00,26482.669921875,26507.669921875,26482.23046875,26499.890625,26499.890625,0,CDLBELTHOLD_Bull,1.0,Buy
2021-08-10 14:15:00+08:00,26500.220703125,26522.91015625,26496.4609375,26510.939453125,26510.939453125,0,NO_PATTERN,0.0,None
2021-08-10 14:20:00+08:00,26510.83984375,26527.580078125,26500.390625,26527.580078125,26527.580078125,0,CDLCLOSINGMARUBOZU_Bull,1.0,Buy
2021-08-10 14:25:00+08:00,26526.529296875,26549.669921875,26518.779296875,26548.220703125,26548.220703125,0,CDLCLOSINGMARUBOZU_Bull,1.0,Buy
2021-08-10 14:30:00+08:00,26547.880859375,26584.08984375,26544.58984375,26584.08984375,26584.08984375,0,CDL3WHITESOLDIERS_Bull,4.0,Buy
2021-08-10 14:35:00+08:00,26586.220703125,26610.94921875,26583.109375,26595.240234375,26595.240234375,0,CDLADVANCEBLOCK_Bear,2.0,Sell
2021-08-10 14:40:00+08:00,26595.23046875,26599.349609375,26569.109375,26584.390625,26584.390625,0,CDLTASUKIGAP_Bull,1.0,Buy
2021-08-10 14:45:00+08:00,26583.44921875,26605.009765625,26564.98046875,26605.009765625,26605.009765625,0,CDLCLOSINGMARUBOZU_Bull,2.0,Buy
2021-08-10 14:50:00+08:00,26599.919921875,26609.630859375,26574.369140625,26597.330078125,26597.330078125,0,CDLRICKSHAWMAN_Bull,7.0,Buy
2021-08-10 14:55:00+08:00,26598.66015625,26604.91015625,26571.310546875,26595.26953125,26595.26953125,0,CDLSPINNINGTOP_Bear,1.0,Sell
2021-08-10 15:00:00+08:00,26594.23046875,26594.23046875,26559.779296875,26561.640625,26561.640625,0,CDLCLOSINGMARUBOZU_Bear,3.0,Sell
2021-08-10 15:05:00+08:00,26564.470703125,26570.5390625,26543.279296875,26561.470703125,26561.470703125,0,CDLMATCHINGLOW_Bull,6.0,Buy
2021-08-10 15:10:00+08:00,26559.990234375,26571.220703125,26549.4609375,26563.310546875,26563.310546875,0,CDLHIGHWAVE_Bull,2.0,Buy
2021-08-10 15:15:00+08:00,26563.01953125,26573.23046875,26551.669921875,26562.640625,26562.640625,0,CDLRICKSHAWMAN_Bull,5.0,Buy
2021-08-10 15:20:00+08:00,26565.669921875,26580.240234375,26548.529296875,26555.919921875,26555.919921875,0,NO_PATTERN,0.0,None
2021-08-10 15:25:00+08:00,26556.2890625,26577.830078125,26553.099609375,26567.859375,26567.859375,0,NO_PATTERN,0.0,None
2021-08-10 15:30:00+08:00,26567.94921875,26581.369140625,26560.859375,26577.44921875,26577.44921875,0,CDLHIKKAKE_Bear,1.0,Sell
2021-08-10 15:35:00+08:00,26577.7890625,26577.7890625,26543.69921875,26573.349609375,26573.349609375,0,NO_PATTERN,0.0,None
2021-08-10 15:40:00+08:00,26571.970703125,26571.970703125,26552.16015625,26554.720703125,26554.720703125,0,CDLCLOSINGMARUBOZU_Bear,3.0,Sell
2021-08-10 15:45:00+08:00,26554.380859375,26569.359375,26546.970703125,26564.05078125,26564.05078125,0,CDLHIKKAKE_Bull,1.0,Buy
2021-08-10 15:50:00+08:00,26564.609375,26588.3203125,26560.83984375,26588.0703125,26588.0703125,0,CDLCLOSINGMARUBOZU_Bull,2.0,Buy
2021-08-10 15:55:00+08:00,26582.3203125,26602.30078125,26582.3203125,26596.720703125,26596.720703125,0,CDLBELTHOLD_Bull,1.0,Buy
2021-08-10 16:00:00+08:00,26598.029296875,26598.029296875,26598.029296875,26598.029296875,26598.029296875,0,CDLDOJISTAR_Bear,2.0,Sell
2021-08-10 16:05:00+08:00,26598.029296875,26605.619140625,26598.029296875,26605.619140625,26605.619140625,0,NO_PATTERN,0.0,None
2021-08-11 09:30:00+08:00,26491.740234375,26584.30078125,26454.44921875,26546.119140625,26546.119140625,0,NO_PATTERN,0.0,None
2021-08-11 09:35:00+08:00,26550.640625,26633.849609375,26550.640625,26581.80078125,26581.80078125,0,CDLBELTHOLD_Bull,1.0,Buy
2021-08-11 09:40:00+08:00,26582.490234375,26635.05078125,26534.990234375,26615.669921875,26615.669921875,0,NO_PATTERN,0.0,None
2021-08-11 09:45:00+08:00,26616.740234375,26617.619140625,26545.169921875,26558.7890625,26558.7890625,0,CDLBELTHOLD_Bear,2.0,Sell
2021-08-11 09:50:00+08:00,26557.109375,26642.890625,26536.26953125,26642.890625,26642.890625,0,CDLCLOSINGMARUBOZU_Bull,2.0,Buy
2021-08-11 09:55:00+08:00,26640.6796875,26673.029296875,26602.830078125,26669.30078125,26669.30078125,0,CDL3OUTSIDE_Bull,2.0,Buy
2021-08-11 10:00:00+08:00,26672.310546875,26707.650390625,26634.41015625,26676.810546875,26676.810546875,0,CDLRICKSHAWMAN_Bull,6.0,Buy
2021-08-11 10:05:00+08:00,26680.5390625,26731.849609375,26669.609375,26730.400390625,26730.400390625,0,CDLCLOSINGMARUBOZU_Bull,1.0,Buy
2021-08-11 10:10:00+08:00,26732.189453125,26777.650390625,26732.189453125,26777.650390625,26777.650390625,0,CDLBELTHOLD_Bull,3.0,Buy
2021-08-11 10:15:00+08:00,26781.400390625,26810.94921875,26773.30078125,26784.98046875,26784.98046875,0,CDLRICKSHAWMAN_Bull,7.0,Buy
2021-08-11 10:20:00+08:00,26785.359375,26811.720703125,26769.529296875,26807.30078125,26807.30078125,0,NO_PATTERN,0.0,None
2021-08-11 10:25:00+08:00,26809.330078125,26822.470703125,26755.189453125,26759.75,26759.75,0,CDLCLOSINGMARUBOZU_Bear,2.0,Sell
2021-08-11 10:30:00+08:00,26757.80078125,26787.0390625,26722.390625,26728.240234375,26728.240234375,0,CDL3OUTSIDE_Bear,1.0,Sell
2021-08-11 10:35:00+08:00,26728.119140625,26751.69921875,26715.4609375,26748.98046875,26748.98046875,0,NO_PATTERN,0.0,None
2021-08-11 10:40:00+08:00,26750.650390625,26762.19921875,26731.2890625,26756.150390625,26756.150390625,0,CDLRICKSHAWMAN_Bull,7.0,Buy
2021-08-11 10:45:00+08:00,26757.220703125,26764.560546875,26721.66015625,26725.560546875,26725.560546875,0,CDLCLOSINGMARUBOZU_Bear,2.0,Sell
2021-08-11 10:50:00+08:00,26721.619140625,26721.619140625,26687.609375,26717.890625,26717.890625,0,CDLLONGLEGGEDDOJI_Bull,7.0,Buy
2021-08-11 10:55:00+08:00,26716.76953125,26751.73046875,26714.529296875,26728.619140625,26728.619140625,0,CDLENGULFING_Bull,1.0,Buy
2021-08-11 11:00:00+08:00,26730.400390625,26742.990234375,26724.169921875,26739.5,26739.5,0,CDL3OUTSIDE_Bull,1.0,Buy
2021-08-11 11:05:00+08:00,26738.880859375,26752.08984375,26725.80078125,26740.060546875,26740.060546875,0,CDLRICKSHAWMAN_Bull,6.0,Buy
2021-08-11 11:10:00+08:00,26739.33984375,26755.259765625,26728.150390625,26745.0,26745.0,0,CDLSPINNINGTOP_Bull,1.0,Buy
2021-08-11 11:15:00+08:00,26744.939453125,26755.0703125,26722.490234375,26739.650390625,26739.650390625,0,CDLSPINNINGTOP_Bear,1.0,Sell
2021-08-11 11:20:00+08:00,26740.5703125,26751.41015625,26707.4296875,26721.73046875,26721.73046875,0,CDLHIKKAKE_Bear,1.0,Sell
2021-08-11 11:25:00+08:00,26721.490234375,26721.490234375,26689.4609375,26699.580078125,26699.580078125,0,CDLBELTHOLD_Bear,1.0,Sell
2021-08-11 11:30:00+08:00,26701.890625,26722.80078125,26697.26953125,26720.720703125,26720.720703125,0,CDLCLOSINGMARUBOZU_Bull,1.0,Buy
2021-08-11 11:35:00+08:00,26718.400390625,26722.349609375,26702.830078125,26707.4296875,26707.4296875,0,CDLHARAMI_Bear,1.0,Sell
2021-08-11 11:40:00+08:00,26705.6796875,26707.470703125,26643.890625,26643.890625,26643.890625,0,CDLCLOSINGMARUBOZU_Bear,5.0,Sell
2021-08-11 11:45:00+08:00,26646.849609375,26658.529296875,26635.619140625,26656.220703125,26656.220703125,0,CDLHARAMI_Bull,2.0,Buy
2021-08-11 11:50:00+08:00,26657.0,26661.7109375,26643.119140625,26650.369140625,26650.369140625,0,NO_PATTERN,0.0,None
2021-08-11 11:55:00+08:00,26648.23046875,26664.75,26640.419921875,26662.150390625,26662.150390625,0,CDLENGULFING_Bull,1.0,Buy
2021-08-11 12:00:00+08:00,26661.0390625,26661.0390625,26661.0390625,26661.0390625,26661.0390625,0,CDLDOJI_Bull,1.0,Buy
2021-08-11 13:00:00+08:00,26656.91015625,26656.91015625,26629.330078125,26641.69921875,26641.69921875,0,CDLHIKKAKE_Bull,1.0,Buy
2021-08-11 13:05:00+08:00,26645.2109375,26676.4296875,26629.109375,26657.73046875,26657.73046875,0,CDLTASUKIGAP_Bear,2.0,Sell
2021-08-11 13:10:00+08:00,26654.369140625,26669.900390625,26632.810546875,26633.640625,26633.640625,0,CDLCLOSINGMARUBOZU_Bear,1.0,Sell
2021-08-11 13:15:00+08:00,26636.150390625,26652.259765625,26624.0,26634.060546875,26634.060546875,0,CDLMATCHINGLOW_Bull,10.0,Buy
2021-08-11 13:20:00+08:00,26631.0,26650.73046875,26620.94921875,26650.73046875,26650.73046875,0,CDLCLOSINGMARUBOZU_Bull,2.0,Buy
2021-08-11 13:25:00+08:00,26647.560546875,26661.9296875,26635.359375,26661.9296875,26661.9296875,0,CDL3OUTSIDE_Bull,1.0,Buy
2021-08-11 13:30:00+08:00,26663.859375,26676.5703125,26650.869140625,26659.009765625,26659.009765625,0,CDLSPINNINGTOP_Bear,1.0,Sell
2021-08-11 13:35:00+08:00,26660.830078125,26670.69921875,26649.509765625,26663.650390625,26663.650390625,0,CDLHIGHWAVE_Bull,2.0,Buy
2021-08-11 13:40:00+08:00,26665.099609375,26674.970703125,26659.560546875,26668.529296875,26668.529296875,0,CDLSPINNINGTOP_Bull,1.0,Buy
2021-08-11 13:45:00+08:00,26667.900390625,26670.830078125,26641.4609375,26649.080078125,26649.080078125,0,NO_PATTERN,0.0,None
2021-08-11 13:50:00+08:00,26649.44921875,26662.279296875,26635.779296875,26636.41015625,26636.41015625,0,CDLCLOSINGMARUBOZU_Bear,1.0,Sell
2021-08-11 13:55:00+08:00,26633.869140625,26639.419921875,26625.640625,26634.740234375,26634.740234375,0,CDLONNECK_Bear,7.0,Sell
2021-08-11 14:00:00+08:00,26634.9609375,26641.73046875,26626.849609375,26641.73046875,26641.73046875,0,CDLHANGINGMAN_Bear,1.0,Sell
2021-08-11 14:05:00+08:00,26642.689453125,26644.380859375,26630.220703125,26630.220703125,26630.220703125,0,CDLCLOSINGMARUBOZU_Bear,4.0,Sell
2021-08-11 14:10:00+08:00,26632.01953125,26638.560546875,26589.98046875,26594.890625,26594.890625,0,CDL3OUTSIDE_Bear,1.0,Sell
2021-08-11 14:15:00+08:00,26595.30078125,26600.849609375,26582.76953125,26586.580078125,26586.580078125,0,NO_PATTERN,0.0,None
2021-08-11 14:20:00+08:00,26587.390625,26600.599609375,26585.109375,26590.3203125,26590.3203125,0,NO_PATTERN,0.0,None
2021-08-11 14:25:00+08:00,26588.580078125,26615.6796875,26587.2109375,26606.330078125,26606.330078125,0,CDLBELTHOLD_Bull,2.0,Buy
2021-08-11 14:30:00+08:00,26608.830078125,26610.58984375,26590.330078125,26594.529296875,26594.529296875,0,CDLBELTHOLD_Bear,1.0,Sell
2021-08-11 14:35:00+08:00,26594.099609375,26601.80078125,26585.41015625,26595.01953125,26595.01953125,0,CDLRICKSHAWMAN_Bull,6.0,Buy
2021-08-11 14:40:00+08:00,26594.98046875,26598.939453125,26574.9609375,26589.259765625,26589.259765625,0,NO_PATTERN,0.0,None
2021-08-11 14:45:00+08:00,26588.01953125,26621.8203125,26588.0,26612.9609375,26612.9609375,0,CDLBELTHOLD_Bull,3.0,Buy
2021-08-11 14:50:00+08:00,26611.30078125,26617.23046875,26601.029296875,26613.060546875,26613.060546875,0,CDL3OUTSIDE_Bull,6.0,Buy
2021-08-11 14:55:00+08:00,26613.6796875,26624.0703125,26596.76953125,26624.0703125,26624.0703125,0,CDLHANGINGMAN_Bear,1.0,Sell
2021-08-11 15:00:00+08:00,26622.880859375,26654.5390625,26622.880859375,26650.859375,26650.859375,0,CDLBELTHOLD_Bull,1.0,Buy
2021-08-11 15:05:00+08:00,26650.0390625,26670.01953125,26641.220703125,26658.640625,26658.640625,0,CDLSPINNINGTOP_Bull,1.0,Buy
2021-08-11 15:10:00+08:00,26657.599609375,26672.2890625,26654.51953125,26658.099609375,26658.099609375,0,CDLRICKSHAWMAN_Bull,5.0,Buy
2021-08-11 15:15:00+08:00,26659.390625,26665.779296875,26643.650390625,26656.69921875,26656.69921875,0,CDLHIGHWAVE_Bear,3.0,Sell
2021-08-11 15:20:00+08:00,26656.05078125,26663.0390625,26648.689453125,26660.490234375,26660.490234375,0,CDLENGULFING_Bull,1.0,Buy
2021-08-11 15:25:00+08:00,26662.900390625,26662.900390625,26641.140625,26649.359375,26649.359375,0,CDLBELTHOLD_Bear,3.0,Sell
2021-08-11 15:30:00+08:00,26649.1796875,26657.0703125,26635.6796875,26641.259765625,26641.259765625,0,CDL3OUTSIDE_Bear,1.0,Sell
2021-08-11 15:35:00+08:00,26640.91015625,26646.58984375,26627.869140625,26634.4609375,26634.4609375,0,NO_PATTERN,0.0,None
2021-08-11 15:40:00+08:00,26635.2890625,26635.2890625,26620.44921875,26632.30078125,26632.30078125,0,NO_PATTERN,0.0,None
2021-08-11 15:45:00+08:00,26630.599609375,26638.4609375,26621.140625,26628.869140625,26628.869140625,0,CDLRICKSHAWMAN_Bull,5.0,Buy
2021-08-11 15:50:00+08:00,26629.189453125,26633.30078125,26614.279296875,26626.349609375,26626.349609375,0,CDLSPINNINGTOP_Bear,1.0,Sell
2021-08-11 15:55:00+08:00,26628.8203125,26630.599609375,26611.9609375,26622.529296875,26622.529296875,0,CDLBELTHOLD_Bear,1.0,Sell
2021-08-11 16:00:00+08:00,26617.189453125,26617.189453125,26617.189453125,26617.189453125,26617.189453125,0,CDLDOJISTAR_Bull,2.0,Buy
2021-08-11 16:05:00+08:00,26617.189453125,26660.16015625,26617.189453125,26660.16015625,26660.16015625,0,CDLMORNINGSTAR_Bull,5.0,Buy
2021-08-12 09:30:00+08:00,26623.76953125,26713.01953125,26606.900390625,26689.859375,26689.859375,0,NO_PATTERN,0.0,None
2021-08-12 09:35:00+08:00,26698.55078125,26713.240234375,26639.939453125,26655.080078125,26655.080078125,0,NO_PATTERN,0.0,None
2021-08-12 09:40:00+08:00,26660.560546875,26663.240234375,26569.759765625,26574.640625,26574.640625,0,CDLBELTHOLD_Bear,1.0,Sell
2021-08-12 09:45:00+08:00,26573.0703125,26599.5,26540.330078125,26571.0390625,26571.0390625,0,CDLRICKSHAWMAN_Bull,6.0,Buy
2021-08-12 09:50:00+08:00,26572.119140625,26621.4609375,26569.130859375,26586.69921875,26586.69921875,0,CDLXSIDEGAP3METHODS_Bear,1.0,Sell
2021-08-12 09:55:00+08:00,26587.51953125,26587.51953125,26543.759765625,26553.51953125,26553.51953125,0,CDLBELTHOLD_Bear,2.0,Sell
2021-08-12 10:00:00+08:00,26553.5,26629.029296875,26540.560546875,26629.029296875,26629.029296875,0,CDLCLOSINGMARUBOZU_Bull,2.0,Buy
2021-08-12 10:05:00+08:00,26624.41015625,26657.330078125,26609.970703125,26627.650390625,26627.650390625,0,CDLRICKSHAWMAN_Bull,7.0,Buy
2021-08-12 10:10:00+08:00,26626.5703125,26635.4296875,26579.05078125,26604.98046875,26604.98046875,0,NO_PATTERN,0.0,None
2021-08-12 10:15:00+08:00,26604.8203125,26606.900390625,26561.98046875,26597.5390625,26597.5390625,0,NO_PATTERN,0.0,None
2021-08-12 10:20:00+08:00,26597.1796875,26643.76953125,26592.689453125,26607.4296875,26607.4296875,0,CDLENGULFING_Bull,1.0,Buy
2021-08-12 10:25:00+08:00,26602.130859375,26634.25,26597.8203125,26627.08984375,26627.08984375,0,CDL3OUTSIDE_Bull,1.0,Buy
2021-08-12 10:30:00+08:00,26627.01953125,26639.490234375,26610.1796875,26626.779296875,26626.779296875,0,CDLRICKSHAWMAN_Bull,6.0,Buy
2021-08-12 10:35:00+08:00,26624.7109375,26656.0390625,26606.48046875,26652.01953125,26652.01953125,0,CDLCLOSINGMARUBOZU_Bull,2.0,Buy
2021-08-12 10:40:00+08:00,26651.94921875,26696.380859375,26649.58984375,26671.4296875,26671.4296875,0,CDL3OUTSIDE_Bull,1.0,Buy
2021-08-12 10:45:00+08:00,26672.689453125,26687.630859375,26660.73046875,26687.630859375,26687.630859375,0,CDLADVANCEBLOCK_Bear,1.0,Sell
2021-08-12 10:50:00+08:00,26687.55078125,26689.779296875,26643.330078125,26643.439453125,26643.439453125,0,CDLCLOSINGMARUBOZU_Bear,3.0,Sell
2021-08-12 10:55:00+08:00,26643.19921875,26650.689453125,26619.16015625,26629.779296875,26629.779296875,0,NO_PATTERN,0.0,None
2021-08-12 11:00:00+08:00,26631.119140625,26652.390625,26624.390625,26647.580078125,26647.580078125,0,CDLXSIDEGAP3METHODS_Bear,1.0,Sell
2021-08-12 11:05:00+08:00,26646.150390625,26687.400390625,26646.150390625,26659.689453125,26659.689453125,0,NO_PATTERN,0.0,None
2021-08-12 11:10:00+08:00,26658.279296875,26665.01953125,26632.259765625,26632.259765625,26632.259765625,0,CDLCLOSINGMARUBOZU_Bear,1.0,Sell
2021-08-12 11:15:00+08:00,26635.779296875,26637.880859375,26621.8203125,26622.33984375,26622.33984375,0,NO_PATTERN,0.0,None
2021-08-12 11:20:00+08:00,26623.83984375,26623.83984375,26597.080078125,26604.7109375,26604.7109375,0,CDLBELTHOLD_Bear,1.0,Sell
2021-08-12 11:25:00+08:00,26602.83984375,26619.279296875,26599.859375,26616.390625,26616.390625,0,NO_PATTERN,0.0,None
2021-08-12 11:30:00+08:00,26617.970703125,26617.970703125,26603.2109375,26611.41015625,26611.41015625,0,NO_PATTERN,0.0,None
2021-08-12 11:35:00+08:00,26610.470703125,26631.560546875,26610.08984375,26628.330078125,26628.330078125,0,CDLHIKKAKEMOD_Bear,3.0,Sell
2021-08-12 11:40:00+08:00,26629.98046875,26647.349609375,26625.669921875,26641.9609375,26641.9609375,0,CDL3OUTSIDE_Bull,1.0,Buy
2021-08-12 11:45:00+08:00,26644.650390625,26653.4609375,26636.220703125,26644.650390625,26644.650390625,0,CDLRICKSHAWMAN_Bull,5.0,Buy
2021-08-12 11:50:00+08:00,26642.58984375,26647.369140625,26623.390625,26623.4609375,26623.4609375,0,CDLCLOSINGMARUBOZU_Bear,1.0,Sell
2021-08-12 11:55:00+08:00,26625.669921875,26644.859375,26613.640625,26636.150390625,26636.150390625,0,CDLHARAMI_Bull,1.0,Buy
2021-08-12 12:00:00+08:00,26636.919921875,26636.919921875,26636.919921875,26636.919921875,26636.919921875,0,CDLDOJI_Bull,1.0,Buy
2021-08-12 13:00:00+08:00,26641.650390625,26641.650390625,26580.640625,26585.330078125,26585.330078125,0,CDLBELTHOLD_Bear,2.0,Sell
2021-08-12 13:05:00+08:00,26587.650390625,26602.91015625,26571.69921875,26600.939453125,26600.939453125,0,CDLHARAMI_Bull,1.0,Buy
2021-08-12 13:10:00+08:00,26601.470703125,26623.380859375,26598.5703125,26623.029296875,26623.029296875,0,CDLCLOSINGMARUBOZU_Bull,1.0,Buy
2021-08-12 13:15:00+08:00,26619.689453125,26628.94921875,26600.19921875,26608.08984375,26608.08984375,0,CDLHARAMI_Bear,1.0,Sell
2021-08-12 13:20:00+08:00,26607.060546875,26637.169921875,26604.099609375,26612.51953125,26612.51953125,0,NO_PATTERN,0.0,None
2021-08-12 13:25:00+08:00,26612.939453125,26623.5390625,26587.150390625,26587.720703125,26587.720703125,0,CDLCLOSINGMARUBOZU_Bear,2.0,Sell
2021-08-12 13:30:00+08:00,26588.330078125,26592.880859375,26565.349609375,26567.140625,26567.140625,0,CDL3OUTSIDE_Bear,2.0,Sell
2021-08-12 13:35:00+08:00,26567.560546875,26569.30078125,26515.869140625,26515.869140625,26515.869140625,0,CDL3BLACKCROWS_Bear,5.0,Sell
2021-08-12 13:40:00+08:00,26515.0703125,26519.9609375,26494.4609375,26501.01953125,26501.01953125,0,NO_PATTERN,0.0,None
2021-08-12 13:45:00+08:00,26500.349609375,26523.80078125,26500.349609375,26513.380859375,26513.380859375,0,NO_PATTERN,0.0,None
2021-08-12 13:50:00+08:00,26518.830078125,26539.19921875,26514.669921875,26519.76953125,26519.76953125,0,CDLLONGLEGGEDDOJI_Bull,4.0,Buy
2021-08-12 13:55:00+08:00,26521.830078125,26535.83984375,26517.189453125,26526.830078125,26526.830078125,0,NO_PATTERN,0.0,None
2021-08-12 14:00:00+08:00,26525.73046875,26538.51953125,26519.419921875,26532.580078125,26532.580078125,0,CDLHIKKAKE_Bear,1.0,Sell
2021-08-12 14:05:00+08:00,26533.619140625,26552.060546875,26525.69921875,26548.359375,26548.359375,0,NO_PATTERN,0.0,None
2021-08-12 14:10:00+08:00,26547.349609375,26562.140625,26545.640625,26562.140625,26562.140625,0,NO_PATTERN,0.0,None
2021-08-12 14:15:00+08:00,26563.080078125,26567.150390625,26534.41015625,26537.69921875,26537.69921875,0,CDLENGULFING_Bear,1.0,Sell
2021-08-12 14:20:00+08:00,26538.029296875,26546.9609375,26525.0,26527.080078125,26527.080078125,0,CDL3OUTSIDE_Bear,1.0,Sell
2021-08-12 14:25:00+08:00,26526.640625,26543.80078125,26526.640625,26534.05078125,26534.05078125,0,NO_PATTERN,0.0,None
2021-08-12 14:30:00+08:00,26533.849609375,26537.150390625,26521.9609375,26524.220703125,26524.220703125,0,CDLHIKKAKE_Bull,1.0,Buy
2021-08-12 14:35:00+08:00,26525.619140625,26527.380859375,26490.5703125,26497.560546875,26497.560546875,0,CDLBELTHOLD_Bear,1.0,Sell
2021-08-12 14:40:00+08:00,26496.51953125,26506.130859375,26489.849609375,26498.5390625,26498.5390625,0,CDLRICKSHAWMAN_Bull,5.0,Buy
2021-08-12 14:45:00+08:00,26498.75,26504.0390625,26460.140625,26469.009765625,26469.009765625,0,CDLENGULFING_Bear,1.0,Sell
2021-08-12 14:50:00+08:00,26470.9296875,26483.73046875,26459.0,26481.94921875,26481.94921875,0,CDLHARAMI_Bull,1.0,Buy
2021-08-12 14:55:00+08:00,26482.259765625,26494.33984375,26459.05078125,26462.01953125,26462.01953125,0,CDLENGULFING_Bear,1.0,Sell
2021-08-12 15:00:00+08:00,26468.369140625,26473.109375,26434.970703125,26438.890625,26438.890625,0,CDL3OUTSIDE_Bear,1.0,Sell
2021-08-12 15:05:00+08:00,26434.58984375,26439.66015625,26426.94921875,26433.310546875,26433.310546875,0,CDLRICKSHAWMAN_Bull,6.0,Buy
2021-08-12 15:10:00+08:00,26435.349609375,26442.359375,26416.849609375,26438.580078125,26438.580078125,0,CDLSPINNINGTOP_Bull,1.0,Buy
2021-08-12 15:15:00+08:00,26438.08984375,26442.23046875,26423.44921875,26427.109375,26427.109375,0,NO_PATTERN,0.0,None
2021-08-12 15:20:00+08:00,26430.2109375,26441.359375,26403.669921875,26405.5703125,26405.5703125,0,CDLCLOSINGMARUBOZU_Bear,2.0,Sell
2021-08-12 15:25:00+08:00,26401.69921875,26407.5703125,26385.44921875,26399.75,26399.75,0,CDLRICKSHAWMAN_Bull,6.0,Buy
2021-08-12 15:30:00+08:00,26400.640625,26418.919921875,26397.76953125,26413.80078125,26413.80078125,0,CDLXSIDEGAP3METHODS_Bear,1.0,Sell
2021-08-12 15:35:00+08:00,26411.740234375,26451.7890625,26411.1796875,26446.98046875,26446.98046875,0,CDLBELTHOLD_Bull,2.0,Buy
2021-08-12 15:40:00+08:00,26448.400390625,26459.880859375,26434.19921875,26444.279296875,26444.279296875,0,CDLHIGHWAVE_Bear,2.0,Sell
2021-08-12 15:45:00+08:00,26444.69921875,26450.359375,26431.970703125,26450.359375,26450.359375,0,NO_PATTERN,0.0,None
2021-08-12 15:50:00+08:00,26442.609375,26462.919921875,26441.640625,26459.16015625,26459.16015625,0,CDLBELTHOLD_Bull,1.0,Buy
2021-08-12 15:55:00+08:00,26456.890625,26474.310546875,26448.470703125,26466.609375,26466.609375,0,NO_PATTERN,0.0,None
2021-08-12 16:00:00+08:00,26467.83984375,26467.83984375,26467.83984375,26467.83984375,26467.83984375,0,CDLADVANCEBLOCK_Bear,2.0,Sell
2021-08-12 16:05:00+08:00,26467.83984375,26517.8203125,26467.83984375,26517.8203125,26517.8203125,0,CDLBELTHOLD_Bull,3.0,Buy
2021-08-13 09:30:00+08:00,26296.189453125,26345.58984375,26247.009765625,26297.2890625,26297.2890625,0,CDLRICKSHAWMAN_Bull,5.0,Buy
2021-08-13 09:35:00+08:00,26296.44921875,26349.23046875,26264.25,26339.779296875,26339.779296875,0,NO_PATTERN,0.0,None
2021-08-13 09:40:00+08:00,26340.23046875,26374.720703125,26323.720703125,26369.349609375,26369.349609375,0,NO_PATTERN,0.0,None
2021-08-13 09:45:00+08:00,26368.30078125,26412.419921875,26368.30078125,26385.640625,26385.640625,0,NO_PATTERN,0.0,None
2021-08-13 09:50:00+08:00,26390.109375,26399.939453125,26365.859375,26385.029296875,26385.029296875,0,CDLSPINNINGTOP_Bear,1.0,Sell
2021-08-13 09:55:00+08:00,26385.080078125,26385.779296875,26362.470703125,26383.7109375,26383.7109375,0,CDLMATCHINGLOW_Bull,5.0,Buy
2021-08-13 10:00:00+08:00,26384.380859375,26413.080078125,26371.029296875,26395.69921875,26395.69921875,0,CDLSPINNINGTOP_Bull,1.0,Buy
2021-08-13 10:05:00+08:00,26396.029296875,26445.19921875,26396.029296875,26432.890625,26432.890625,0,CDLBELTHOLD_Bull,1.0,Buy
2021-08-13 10:10:00+08:00,26432.2890625,26468.580078125,26424.630859375,26468.580078125,26468.580078125,0,CDLCLOSINGMARUBOZU_Bull,1.0,Buy
2021-08-13 10:15:00+08:00,26470.05078125,26513.169921875,26464.5390625,26513.169921875,26513.169921875,0,CDLCLOSINGMARUBOZU_Bull,1.0,Buy
2021-08-13 10:20:00+08:00,26512.830078125,26521.94921875,26502.189453125,26514.91015625,26514.91015625,0,CDLRICKSHAWMAN_Bull,6.0,Buy
2021-08-13 10:25:00+08:00,26511.259765625,26521.130859375,26480.849609375,26480.849609375,26480.849609375,0,CDLCLOSINGMARUBOZU_Bear,1.0,Sell
2021-08-13 10:30:00+08:00,26484.41015625,26485.599609375,26429.419921875,26429.419921875,26429.419921875,0,CDLCLOSINGMARUBOZU_Bear,3.0,Sell
2021-08-13 10:35:00+08:00,26430.69921875,26470.01953125,26429.25,26468.849609375,26468.849609375,0,CDLBELTHOLD_Bull,3.0,Buy
2021-08-13 10:40:00+08:00,26470.9296875,26470.9296875,26391.41015625,26407.55078125,26407.55078125,0,CDLBELTHOLD_Bear,2.0,Sell
2021-08-13 10:45:00+08:00,26404.220703125,26407.669921875,26377.26953125,26381.390625,26381.390625,0,CDL3OUTSIDE_Bear,1.0,Sell
2021-08-13 10:50:00+08:00,26380.75,26382.30078125,26290.130859375,26291.41015625,26291.41015625,0,CDLCLOSINGMARUBOZU_Bear,3.0,Sell
2021-08-13 10:55:00+08:00,26284.7890625,26287.6796875,26218.55078125,26221.5,26221.5,0,CDLCLOSINGMARUBOZU_Bear,3.0,Sell
2021-08-13 11:00:00+08:00,26223.1796875,26273.939453125,26223.1796875,26255.98046875,26255.98046875,0,CDLHARAMI_Bull,1.0,Buy
2021-08-13 11:05:00+08:00,26264.009765625,26276.359375,26244.189453125,26256.51953125,26256.51953125,0,CDLSPINNINGTOP_Bear,2.0,Sell
2021-08-13 11:10:00+08:00,26259.740234375,26296.55078125,26256.609375,26257.880859375,26257.880859375,0,CDLMATCHINGLOW_Bull,4.0,Buy
2021-08-13 11:15:00+08:00,26259.140625,26266.009765625,26246.890625,26255.140625,26255.140625,0,CDLMATCHINGLOW_Bull,5.0,Buy
2021-08-13 11:20:00+08:00,26252.23046875,26260.169921875,26234.44921875,26245.720703125,26245.720703125,0,CDLSPINNINGTOP_Bear,1.0,Sell
2021-08-13 11:25:00+08:00,26241.400390625,26291.4296875,26239.279296875,26259.80078125,26259.80078125,0,CDL3LINESTRIKE_Bear,2.0,Sell
2021-08-13 11:30:00+08:00,26259.890625,26279.830078125,26250.310546875,26273.30078125,26273.30078125,0,CDL3OUTSIDE_Bull,1.0,Buy
2021-08-13 11:35:00+08:00,26274.490234375,26306.990234375,26273.05078125,26297.58984375,26297.58984375,0,CDLHIKKAKE_Bear,1.0,Sell
2021-08-13 11:40:00+08:00,26295.880859375,26302.9609375,26282.939453125,26292.4609375,26292.4609375,0,CDLRICKSHAWMAN_Bull,5.0,Buy
2021-08-13 11:45:00+08:00,26292.01953125,26321.140625,26291.779296875,26316.619140625,26316.619140625,0,CDLBELTHOLD_Bull,3.0,Buy
2021-08-13 11:50:00+08:00,26317.44921875,26328.01953125,26310.259765625,26321.029296875,26321.029296875,0,CDL3OUTSIDE_Bull,2.0,Buy
2021-08-13 11:55:00+08:00,26317.619140625,26341.0390625,26316.859375,26328.9609375,26328.9609375,0,CDLBELTHOLD_Bull,1.0,Buy
2021-08-13 12:00:00+08:00,26331.890625,26331.890625,26331.890625,26331.890625,26331.890625,0,CDLDOJISTAR_Bear,2.0,Sell
2021-08-13 13:00:00+08:00,26333.689453125,26353.9609375,26309.30078125,26345.630859375,26345.630859375,0,NO_PATTERN,0.0,None
2021-08-13 13:05:00+08:00,26346.58984375,26346.58984375,26319.919921875,26334.029296875,26334.029296875,0,CDLBELTHOLD_Bear,1.0,Sell
2021-08-13 13:10:00+08:00,26335.7890625,26335.7890625,26296.41015625,26299.26953125,26299.26953125,0,CDLBELTHOLD_Bear,2.0,Sell
2021-08-13 13:15:00+08:00,26298.060546875,26298.279296875,26263.9609375,26274.689453125,26274.689453125,0,CDLBELTHOLD_Bear,1.0,Sell
2021-08-13 13:20:00+08:00,26273.9296875,26279.91015625,26254.140625,26274.0390625,26274.0390625,0,CDLLONGLEGGEDDOJI_Bull,5.0,Buy
2021-08-13 13:25:00+08:00,26274.51953125,26296.279296875,26272.7109375,26285.76953125,26285.76953125,0,NO_PATTERN,0.0,None
2021-08-13 13:30:00+08:00,26285.4609375,26287.759765625,26260.7109375,26266.8203125,26266.8203125,0,CDLBELTHOLD_Bear,1.0,Sell
2021-08-13 13:35:00+08:00,26266.099609375,26269.25,26248.640625,26257.150390625,26257.150390625,0,NO_PATTERN,0.0,None
2021-08-13 13:40:00+08:00,26254.859375,26254.859375,26226.26953125,26231.130859375,26231.130859375,0,CDLBELTHOLD_Bear,1.0,Sell
2021-08-13 13:45:00+08:00,26232.900390625,26233.599609375,26209.7890625,26225.380859375,26225.380859375,0,CDLHAMMER_Bull,1.0,Buy
2021-08-13 13:50:00+08:00,26227.849609375,26238.169921875,26218.2109375,26226.25,26226.25,0,CDLMATCHINGLOW_Bull,6.0,Buy
2021-08-13 13:55:00+08:00,26222.9609375,26231.0390625,26200.240234375,26203.19921875,26203.19921875,0,NO_PATTERN,0.0,None
2021-08-13 14:00:00+08:00,26203.26953125,26276.900390625,26201.8203125,26254.7109375,26254.7109375,0,CDLBELTHOLD_Bull,1.0,Buy
2021-08-13 14:05:00+08:00,26256.23046875,26259.189453125,26231.310546875,26241.349609375,26241.349609375,0,NO_PATTERN,0.0,None
2021-08-13 14:10:00+08:00,26241.189453125,26254.150390625,26238.01953125,26240.169921875,26240.169921875,0,CDLINVERTEDHAMMER_Bull,8.0,Buy
2021-08-13 14:15:00+08:00,26241.41015625,26269.75,26230.740234375,26261.01953125,26261.01953125,0,NO_PATTERN,0.0,None
2021-08-13 14:20:00+08:00,26260.66015625,26286.779296875,26259.380859375,26280.580078125,26280.580078125,0,CDLBELTHOLD_Bull,1.0,Buy
2021-08-13 14:25:00+08:00,26280.759765625,26303.01953125,26273.48046875,26302.41015625,26302.41015625,0,CDLCLOSINGMARUBOZU_Bull,1.0,Buy
2021-08-13 14:30:00+08:00,26301.810546875,26321.240234375,26295.669921875,26308.609375,26308.609375,0,CDLADVANCEBLOCK_Bear,1.0,Sell
2021-08-13 14:35:00+08:00,26306.029296875,26317.650390625,26274.560546875,26276.439453125,26276.439453125,0,CDLCLOSINGMARUBOZU_Bear,1.0,Sell
2021-08-13 14:40:00+08:00,26277.73046875,26288.810546875,26272.4296875,26274.970703125,26274.970703125,0,CDLLONGLEGGEDDOJI_Bull,3.0,Buy
2021-08-13 14:45:00+08:00,26276.140625,26292.630859375,26274.349609375,26281.349609375,26281.349609375,0,NO_PATTERN,0.0,None
2021-08-13 14:50:00+08:00,26278.029296875,26288.0390625,26274.400390625,26277.80078125,26277.80078125,0,CDLRICKSHAWMAN_Bull,5.0,Buy
2021-08-13 14:55:00+08:00,26277.869140625,26302.0703125,26277.869140625,26299.900390625,26299.900390625,0,CDLSEPARATINGLINES_Bull,5.0,Buy
2021-08-13 15:00:00+08:00,26297.990234375,26318.650390625,26296.390625,26308.619140625,26308.619140625,0,NO_PATTERN,0.0,None
2021-08-13 15:05:00+08:00,26318.470703125,26331.55078125,26313.5390625,26325.26953125,26325.26953125,0,NO_PATTERN,0.0,None
2021-08-13 15:10:00+08:00,26322.349609375,26332.6796875,26314.5,26326.419921875,26326.419921875,0,CDLSPINNINGTOP_Bull,1.0,Buy
2021-08-13 15:15:00+08:00,26328.140625,26335.8203125,26315.5703125,26322.30078125,26322.30078125,0,CDLSPINNINGTOP_Bear,2.0,Sell
2021-08-13 15:20:00+08:00,26323.490234375,26347.060546875,26318.439453125,26340.529296875,26340.529296875,0,NO_PATTERN,0.0,None
2021-08-13 15:25:00+08:00,26336.150390625,26366.669921875,26336.150390625,26361.890625,26361.890625,0,CDLBELTHOLD_Bull,1.0,Buy
2021-08-13 15:30:00+08:00,26361.25,26362.6796875,26347.189453125,26347.189453125,26347.189453125,0,CDLCLOSINGMARUBOZU_Bear,3.0,Sell
2021-08-13 15:35:00+08:00,26348.310546875,26357.919921875,26336.9609375,26339.75,26339.75,0,CDLHIKKAKE_Bull,1.0,Buy
2021-08-13 15:40:00+08:00,26339.9609375,26361.220703125,26337.76953125,26348.470703125,26348.470703125,0,NO_PATTERN,0.0,None
2021-08-13 15:45:00+08:00,26350.58984375,26381.490234375,26345.5,26378.8203125,26378.8203125,0,CDLHIKKAKE_Bull,1.0,Buy
2021-08-13 15:50:00+08:00,26377.140625,26388.080078125,26370.25,26378.9296875,26378.9296875,0,CDLRICKSHAWMAN_Bull,5.0,Buy
2021-08-13 15:55:00+08:00,26380.48046875,26397.919921875,26375.220703125,26395.48046875,26395.48046875,0,NO_PATTERN,0.0,None
2021-08-13 16:00:00+08:00,26398.369140625,26398.369140625,26396.310546875,26396.310546875,26396.310546875,0,CDLDOJISTAR_Bear,2.0,Sell
2021-08-13 16:05:00+08:00,26396.310546875,26396.310546875,26391.619140625,26391.619140625,26391.619140625,0,NO_PATTERN,0.0,None
2021-08-16 09:30:00+08:00,26365.189453125,26449.7109375,26311.8203125,26345.1796875,26345.1796875,0,NO_PATTERN,0.0,None
2021-08-16 09:35:00+08:00,26340.779296875,26340.779296875,26258.890625,26303.44921875,26303.44921875,0,CDLBELTHOLD_Bear,1.0,Sell
2021-08-16 09:40:00+08:00,26313.279296875,26401.779296875,26289.83984375,26379.369140625,26379.369140625,0,NO_PATTERN,0.0,None
2021-08-16 09:45:00+08:00,26380.83984375,26383.5703125,26312.759765625,26381.91015625,26381.91015625,0,CDLLONGLEGGEDDOJI_Bull,6.0,Buy
2021-08-16 09:50:00+08:00,26383.859375,26398.1796875,26319.0390625,26339.08984375,26339.08984375,0,CDLEVENINGSTAR_Bear,4.0,Sell
2021-08-16 09:55:00+08:00,26341.16015625,26406.599609375,26328.44921875,26396.76953125,26396.76953125,0,NO_PATTERN,0.0,None
2021-08-16 10:00:00+08:00,26396.560546875,26396.560546875,26324.419921875,26364.970703125,26364.970703125,0,CDLBELTHOLD_Bear,1.0,Sell
2021-08-16 10:05:00+08:00,26362.990234375,26392.970703125,26331.970703125,26332.73046875,26332.73046875,0,CDLCLOSINGMARUBOZU_Bear,1.0,Sell
2021-08-16 10:10:00+08:00,26330.73046875,26339.900390625,26260.4296875,26260.4296875,26260.4296875,0,CDLCLOSINGMARUBOZU_Bear,2.0,Sell
2021-08-16 10:15:00+08:00,26261.58984375,26274.55078125,26153.890625,26153.890625,26153.890625,0,CDLIDENTICAL3CROWS_Bear,2.0,Sell
2021-08-16 10:20:00+08:00,26146.640625,26179.5703125,26101.98046875,26163.650390625,26163.650390625,0,CDLTHRUSTING_Bear,1.0,Sell
2021-08-16 10:25:00+08:00,26163.130859375,26183.5703125,26131.390625,26134.140625,26134.140625,0,NO_PATTERN,0.0,None
2021-08-16 10:30:00+08:00,26132.330078125,26149.240234375,26115.330078125,26139.08984375,26139.08984375,0,CDLRICKSHAWMAN_Bull,4.0,Buy
2021-08-16 10:35:00+08:00,26140.080078125,26174.98046875,26136.580078125,26149.41015625,26149.41015625,0,CDLSHOOTINGSTAR_Bear,1.0,Sell
2021-08-16 10:40:00+08:00,26149.30078125,26255.609375,26148.119140625,26248.2890625,26248.2890625,0,CDLBELTHOLD_Bull,1.0,Buy
2021-08-16 10:45:00+08:00,26255.5390625,26298.720703125,26228.830078125,26281.279296875,26281.279296875,0,NO_PATTERN,0.0,None
2021-08-16 10:50:00+08:00,26282.310546875,26297.400390625,26261.189453125,26289.76953125,26289.76953125,0,CDLADVANCEBLOCK_Bear,2.0,Sell
2021-08-16 10:55:00+08:00,26288.76953125,26301.650390625,26256.580078125,26262.349609375,26262.349609375,0,CDLXSIDEGAP3METHODS_Bull,1.0,Buy
2021-08-16 11:00:00+08:00,26263.349609375,26277.91015625,26245.9609375,26275.0390625,26275.0390625,0,CDLHAMMER_Bull,1.0,Buy
2021-08-16 11:05:00+08:00,26274.80078125,26277.0,26216.140625,26216.140625,26216.140625,0,CDLCLOSINGMARUBOZU_Bear,3.0,Sell
2021-08-16 11:10:00+08:00,26219.91015625,26232.189453125,26204.130859375,26207.869140625,26207.869140625,0,NO_PATTERN,0.0,None
2021-08-16 11:15:00+08:00,26206.880859375,26210.140625,26168.73046875,26174.259765625,26174.259765625,0,CDLBELTHOLD_Bear,1.0,Sell
2021-08-16 11:20:00+08:00,26177.01953125,26184.919921875,26162.73046875,26184.919921875,26184.919921875,0,CDLHARAMI_Bull,1.0,Buy
2021-08-16 11:25:00+08:00,26185.7109375,26206.9296875,26177.720703125,26197.140625,26197.140625,0,NO_PATTERN,0.0,None
2021-08-16 11:30:00+08:00,26198.3203125,26205.58984375,26170.009765625,26175.150390625,26175.150390625,0,CDLENGULFING_Bear,1.0,Sell
2021-08-16 11:35:00+08:00,26174.76953125,26181.189453125,26150.859375,26150.859375,26150.859375,0,CDL3OUTSIDE_Bear,2.0,Sell
2021-08-16 11:40:00+08:00,26152.51953125,26162.900390625,26148.98046875,26149.509765625,26149.509765625,0,CDLMATCHINGLOW_Bull,4.0,Buy
2021-08-16 11:45:00+08:00,26149.310546875,26180.970703125,26147.490234375,26175.330078125,26175.330078125,0,CDLBELTHOLD_Bull,2.0,Buy
2021-08-16 11:50:00+08:00,26179.30078125,26187.73046875,26173.1796875,26182.69921875,26182.69921875,0,CDL3OUTSIDE_Bull,2.0,Buy
2021-08-16 11:55:00+08:00,26183.560546875,26205.140625,26182.029296875,26196.8203125,26196.8203125,0,NO_PATTERN,0.0,None
2021-08-16 12:00:00+08:00,26195.41015625,26195.41015625,26195.41015625,26195.41015625,26195.41015625,0,CDLDOJI_Bull,1.0,Buy
2021-08-16 13:00:00+08:00,26208.05078125,26237.80078125,26199.470703125,26218.220703125,26218.220703125,0,CDLHIKKAKE_Bear,1.0,Sell
2021-08-16 13:05:00+08:00,26214.7890625,26229.509765625,26202.19921875,26216.25,26216.25,0,CDLRICKSHAWMAN_Bull,5.0,Buy
2021-08-16 13:10:00+08:00,26217.01953125,26235.0390625,26208.009765625,26208.009765625,26208.009765625,0,CDLHIKKAKE_Bear,2.0,Sell
2021-08-16 13:15:00+08:00,26210.869140625,26224.099609375,26197.19921875,26213.66015625,26213.66015625,0,CDLHIGHWAVE_Bull,2.0,Buy
2021-08-16 13:20:00+08:00,26210.69921875,26217.69921875,26181.76953125,26183.220703125,26183.220703125,0,CDLCLOSINGMARUBOZU_Bear,2.0,Sell
2021-08-16 13:25:00+08:00,26184.380859375,26191.890625,26171.380859375,26173.810546875,26173.810546875,0,NO_PATTERN,0.0,None
2021-08-16 13:30:00+08:00,26176.919921875,26178.1796875,26138.810546875,26138.810546875,26138.810546875,0,CDLCLOSINGMARUBOZU_Bear,3.0,Sell
2021-08-16 13:35:00+08:00,26140.119140625,26163.2109375,26138.189453125,26145.0,26145.0,0,CDLHARAMI_Bull,1.0,Buy
2021-08-16 13:40:00+08:00,26143.220703125,26152.740234375,26133.779296875,26140.19921875,26140.19921875,0,CDLHIGHWAVE_Bear,2.0,Sell
2021-08-16 13:45:00+08:00,26142.150390625,26146.80078125,26116.69921875,26117.419921875,26117.419921875,0,CDLCLOSINGMARUBOZU_Bear,1.0,Sell
2021-08-16 13:50:00+08:00,26119.0390625,26156.609375,26116.189453125,26154.9609375,26154.9609375,0,CDLBELTHOLD_Bull,3.0,Buy
2021-08-16 13:55:00+08:00,26153.6796875,26158.05078125,26136.880859375,26141.5390625,26141.5390625,0,CDLHARAMI_Bear,1.0,Sell
2021-08-16 14:00:00+08:00,26141.8203125,26146.599609375,26121.25,26135.580078125,26135.580078125,0,NO_PATTERN,0.0,None
2021-08-16 14:05:24+08:00,26134.109375,26134.109375,26134.109375,26134.109375,26134.109375,0,CDLDOJI_Bull,1.0,Buy
