Datetime,open,high,low,close,Adj Close,Volume,candlestick_pattern,candlestick_match_count
2021-08-03 09:30:00-04:00,14715.966796875,14721.19140625,14683.234375,14690.2666015625,14690.2666015625,0,NO_PATTERN,0.0
2021-08-03 09:35:00-04:00,14689.2744140625,14695.0947265625,14676.4345703125,14695.0947265625,14695.0947265625,94062254,NO_PATTERN,0.0
2021-08-03 09:40:00-04:00,14697.18359375,14706.044921875,14681.6826171875,14692.568359375,14692.568359375,89584223,NO_PATTERN,0.0
2021-08-03 09:45:00-04:00,14692.5,14708.8203125,14692.5,14698.009765625,14698.009765625,81550710,CDLENGULFING_Bull,1.0
2021-08-03 09:50:00-04:00,14694.6201171875,14694.6201171875,14651.5615234375,14651.5615234375,14651.5615234375,87191419,NO_PATTERN,0.0
2021-08-03 09:55:00-04:00,14648.2587890625,14648.2587890625,14629.55078125,14629.55078125,14629.55078125,73481895,NO_PATTERN,0.0
2021-08-03 10:00:00-04:00,14629.7822265625,14644.14453125,14628.865234375,14639.1025390625,14639.1025390625,70583870,NO_PATTERN,0.0
2021-08-03 10:05:00-04:00,14636.73046875,14637.7685546875,14585.3115234375,14585.3115234375,14585.3115234375,69952107,NO_PATTERN,0.0
2021-08-03 10:10:00-04:00,14585.1376953125,14596.951171875,14584.4892578125,14596.3994140625,14596.3994140625,74531881,NO_PATTERN,0.0
2021-08-03 10:15:00-04:00,14596.20703125,14615.9912109375,14590.3896484375,14615.9912109375,14615.9912109375,61856272,NO_PATTERN,0.0
2021-08-03 10:20:00-04:00,14618.2685546875,14648.728515625,14617.6640625,14648.728515625,14648.728515625,57416196,,
2021-08-03 10:25:00-04:00,14647.7119140625,14648.9775390625,14640.8818359375,14645.5029296875,14645.5029296875,54042566,CDLLONGLEGGEDDOJI_Bull,7.0
2021-08-03 10:30:00-04:00,14645.6923828125,14646.171875,14611.140625,14611.140625,14611.140625,54972000,,
2021-08-03 10:35:00-04:00,14610.619140625,14620.7587890625,14605.9501953125,14616.931640625,14616.931640625,51418000,CDLTHRUSTING_Bear,1.0
2021-08-03 10:40:00-04:00,14617.587890625,14631.1689453125,14612.8134765625,14612.8134765625,14612.8134765625,46122000,NO_PATTERN,0.0
2021-08-03 10:45:00-04:00,14612.244140625,14630.763671875,14598.861328125,14630.763671875,14630.763671875,50836000,CDLENGULFING_Bull,1.0
2021-08-03 10:50:00-04:00,14633.3125,14639.1318359375,14625.517578125,14626.1201171875,14626.1201171875,48527000,NO_PATTERN,0.0
2021-08-03 10:55:00-04:00,14625.2353515625,14629.2216796875,14621.9609375,14623.4873046875,14623.4873046875,45135000,CDLINVERTEDHAMMER_Bull,4.0
2021-08-03 11:00:00-04:00,14624.6318359375,14637.15234375,14624.6318359375,14628.349609375,14628.349609375,41435000,CDLXSIDEGAP3METHODS_Bear,1.0
2021-08-03 11:05:00-04:00,14628.6259765625,14628.8642578125,14613.8779296875,14622.228515625,14622.228515625,38786000,CDLHAMMER_Bull,2.0
2021-08-03 11:10:00-04:00,14621.248046875,14626.9013671875,14602.7705078125,14605.5791015625,14605.5791015625,41159000,CDL3OUTSIDE_Bear,1.0
2021-08-03 11:15:00-04:00,14605.6181640625,14613.837890625,14597.9375,14597.9375,14597.9375,38946000,NO_PATTERN,0.0
2021-08-03 11:20:00-04:00,14598.4970703125,14605.7216796875,14597.310546875,14601.5927734375,14601.5927734375,34415000,NO_PATTERN,0.0
2021-08-03 11:25:00-04:00,14602.130859375,14614.6064453125,14586.345703125,14614.033203125,14614.033203125,39753000,CDLCLOSINGMARUBOZU_Bull,1.0
2021-08-03 11:30:00-04:00,14613.6474609375,14636.1064453125,14613.6474609375,14635.7314453125,14635.7314453125,36609000,,
2021-08-03 11:35:00-04:00,14635.87109375,14639.333984375,14635.083984375,14638.6435546875,14638.6435546875,36525000,,
2021-08-03 11:40:00-04:00,14638.1884765625,14685.181640625,14638.1884765625,14684.8349609375,14684.8349609375,40385000,,
2021-08-03 11:45:00-04:00,14684.2685546875,14698.85546875,14684.2685546875,14698.2705078125,14698.2705078125,39556000,,
2021-08-03 11:50:00-04:00,14699.6806640625,14707.2802734375,14694.8203125,14696.8271484375,14696.8271484375,32040000,NO_PATTERN,0.0
2021-08-03 11:55:00-04:00,14698.1748046875,14719.0078125,14698.1748046875,14717.2666015625,14717.2666015625,32512000,,
2021-08-03 12:00:00-04:00,14719.6220703125,14725.306640625,14717.048828125,14725.1435546875,14725.1435546875,38072000,CDLSHORTLINE_Bull,1.0
2021-08-03 12:05:00-04:00,14724.9951171875,14724.9951171875,14713.5205078125,14715.880859375,14715.880859375,28866000,CDLXSIDEGAP3METHODS_Bull,1.0
2021-08-03 12:10:00-04:00,14715.724609375,14716.1708984375,14709.900390625,14709.900390625,14709.900390625,27135000,CDLSHORTLINE_Bear,1.0
2021-08-03 12:15:00-04:00,14710.0634765625,14719.9189453125,14704.8310546875,14704.8310546875,14704.8310546875,33073000,NO_PATTERN,0.0
2021-08-03 12:20:00-04:00,14705.384765625,14707.82421875,14699.46484375,14699.5595703125,14699.5595703125,28937000,CDLIDENTICAL3CROWS_Bear,1.0
2021-08-03 12:25:00-04:00,14699.2060546875,14700.244140625,14695.796875,14699.3466796875,14699.3466796875,28903000,CDLRICKSHAWMAN_Bull,8.0
2021-08-03 12:30:00-04:00,14699.8642578125,14711.2822265625,14699.8642578125,14711.2822265625,14711.2822265625,28558000,CDLSHORTLINE_Bull,1.0
2021-08-03 12:35:00-04:00,14711.625,14720.625,14711.625,14719.4970703125,14719.4970703125,28469000,CDLSHORTLINE_Bull,1.0
2021-08-03 12:40:00-04:00,14719.6728515625,14720.5263671875,14708.4345703125,14711.251953125,14711.251953125,28117000,CDLBELTHOLD_Bear,2.0
2021-08-03 12:45:00-04:00,14710.943359375,14715.4736328125,14708.6416015625,14714.896484375,14714.896484375,27920000,NO_PATTERN,0.0
2021-08-03 12:50:00-04:00,14715.0751953125,14715.0751953125,14710.3193359375,14712.8525390625,14712.8525390625,24820000,NO_PATTERN,0.0
2021-08-03 12:55:00-04:00,14714.1298828125,14728.7900390625,14714.1298828125,14728.21484375,14728.21484375,29299000,,
2021-08-03 13:00:00-04:00,14728.5029296875,14735.099609375,14728.5029296875,14734.94921875,14734.94921875,31145000,CDLSHORTLINE_Bull,1.0
2021-08-03 13:05:00-04:00,14735.224609375,14741.1396484375,14735.2177734375,14738.6103515625,14738.6103515625,30690000,CDLADVANCEBLOCK_Bear,1.0
2021-08-03 13:10:00-04:00,14738.08203125,14738.185546875,14730.2568359375,14733.3232421875,14733.3232421875,31799000,CDLXSIDEGAP3METHODS_Bull,1.0
2021-08-03 13:15:00-04:00,14733.53515625,14739.689453125,14732.1806640625,14732.1806640625,14732.1806640625,37421000,NO_PATTERN,0.0
2021-08-03 13:20:00-04:00,14731.8251953125,14732.4228515625,14719.849609375,14722.1669921875,14722.1669921875,33768000,CDLBELTHOLD_Bear,1.0
2021-08-03 13:25:00-04:00,14721.81640625,14724.7529296875,14719.810546875,14721.7490234375,14721.7490234375,27833000,CDLMATCHINGLOW_Bull,7.0
2021-08-03 13:30:00-04:00,14722.47265625,14731.1044921875,14722.47265625,14730.4453125,14730.4453125,30080000,,
2021-08-03 13:35:00-04:00,14730.2177734375,14732.9287109375,14725.505859375,14727.3115234375,14727.3115234375,29350000,CDLHARAMI_Bear,1.0
2021-08-03 13:40:00-04:00,14727.1806640625,14727.681640625,14724.1064453125,14725.1181640625,14725.1181640625,29155000,CDLSHORTLINE_Bear,1.0
2021-08-03 13:45:00-04:00,14724.7509765625,14727.4423828125,14722.0830078125,14725.6572265625,14725.6572265625,30242000,CDLSPINNINGTOP_Bull,1.0
2021-08-03 13:50:00-04:00,14725.2978515625,14730.4345703125,14723.10546875,14730.4345703125,14730.4345703125,28444000,CDLCLOSINGMARUBOZU_Bull,1.0
2021-08-03 13:55:00-04:00,14730.64453125,14731.650390625,14725.0517578125,14726.4443359375,14726.4443359375,29063000,,
2021-08-03 14:00:00-04:00,14726.9169921875,14728.466796875,14708.337890625,14716.349609375,14716.349609375,36380000,NO_PATTERN,0.0
2021-08-03 14:05:00-04:00,14716.5185546875,14725.291015625,14715.27734375,14725.291015625,14725.291015625,25640000,,
2021-08-03 14:10:00-04:00,14725.0,14736.232421875,14725.0,14732.2548828125,14732.2548828125,28889000,CDLBELTHOLD_Bull,2.0
2021-08-03 14:15:00-04:00,14730.9013671875,14733.763671875,14727.4716796875,14732.89453125,14732.89453125,27809000,CDLADVANCEBLOCK_Bear,1.0
2021-08-03 14:20:00-04:00,14733.3056640625,14734.00390625,14728.9150390625,14728.9150390625,14728.9150390625,29082000,,
2021-08-03 14:25:00-04:00,14729.0283203125,14736.5068359375,14729.0283203125,14734.126953125,14734.126953125,31829000,CDLBELTHOLD_Bull,1.0
2021-08-03 14:30:00-04:00,14733.5,14736.322265625,14729.4736328125,14730.4189453125,14730.4189453125,30908000,CDLHARAMI_Bear,1.0
2021-08-03 14:35:00-04:00,14732.0322265625,14733.4951171875,14729.05078125,14731.9921875,14731.9921875,32481000,CDLRICKSHAWMAN_Bull,6.0
2021-08-03 14:40:00-04:00,14732.189453125,14737.9384765625,14730.64453125,14737.9384765625,14737.9384765625,29390000,,
2021-08-03 14:45:00-04:00,14738.2197265625,14738.9912109375,14721.76953125,14721.76953125,14721.76953125,34752000,,
2021-08-03 14:50:00-04:00,14722.939453125,14729.8017578125,14722.939453125,14728.7392578125,14728.7392578125,29915000,,
2021-08-03 14:55:00-04:00,14728.2421875,14736.4658203125,14728.2421875,14734.1708984375,14734.1708984375,30196000,CDLBELTHOLD_Bull,2.0
2021-08-03 15:00:00-04:00,14734.6884765625,14737.9765625,14733.53125,14736.66015625,14736.66015625,34566000,NO_PATTERN,0.0
2021-08-03 15:05:00-04:00,14736.2216796875,14746.02734375,14735.9150390625,14741.52734375,14741.52734375,40291000,CDLBELTHOLD_Bull,1.0
2021-08-03 15:10:00-04:00,14741.6494140625,14744.3125,14731.9951171875,14734.08984375,14734.08984375,42128000,CDLENGULFING_Bear,1.0
2021-08-03 15:15:00-04:00,14734.9501953125,14739.6904296875,14733.97265625,14738.318359375,14738.318359375,32102000,,
2021-08-03 15:20:00-04:00,14738.169921875,14743.572265625,14737.181640625,14743.572265625,14743.572265625,33943000,,
2021-08-03 15:25:00-04:00,14743.974609375,14751.0146484375,14743.4912109375,14747.166015625,14747.166015625,49617000,CDLSHOOTINGSTAR_Bear,1.0
2021-08-03 15:30:00-04:00,14746.5751953125,14754.2021484375,14746.5751953125,14754.0302734375,14754.0302734375,46698000,,
2021-08-03 15:35:00-04:00,14753.3818359375,14753.3818359375,14744.6845703125,14744.998046875,14744.998046875,49775000,,
2021-08-03 15:40:00-04:00,14745.3388671875,14749.28515625,14743.6103515625,14743.6103515625,14743.6103515625,52995000,NO_PATTERN,0.0
2021-08-03 15:45:00-04:00,14742.982421875,14746.42578125,14741.021484375,14741.578125,14741.578125,61954000,CDLINVERTEDHAMMER_Bull,1.0
2021-08-03 15:50:00-04:00,14747.005859375,14757.794921875,14741.400390625,14755.96484375,14755.96484375,86073000,NO_PATTERN,0.0
2021-08-03 15:55:00-04:00,14755.7060546875,14762.5986328125,14750.4296875,14762.5986328125,14762.5986328125,89759000,CDLCLOSINGMARUBOZU_Bull,1.0
2021-08-04 09:30:00-04:00,14748.919921875,14769.572265625,14746.4111328125,14758.4013671875,14758.4013671875,0,NO_PATTERN,0.0
2021-08-04 09:35:00-04:00,14755.021484375,14776.1357421875,14750.6943359375,14770.0771484375,14770.0771484375,100509084,NO_PATTERN,0.0
2021-08-04 09:40:00-04:00,14770.849609375,14783.5751953125,14768.673828125,14776.7236328125,14776.7236328125,90134834,NO_PATTERN,0.0
2021-08-04 09:45:00-04:00,14779.5078125,14787.2080078125,14771.900390625,14775.3056640625,14775.3056640625,73599966,NO_PATTERN,0.0
2021-08-04 09:50:00-04:00,14772.8876953125,14778.892578125,14753.1875,14759.9814453125,14759.9814453125,104997778,NO_PATTERN,0.0
2021-08-04 09:55:00-04:00,14761.681640625,14776.533203125,14758.1201171875,14775.271484375,14775.271484375,86627633,,
2021-08-04 10:00:00-04:00,14776.5908203125,14778.4521484375,14762.0703125,14765.0986328125,14765.0986328125,75416338,,
2021-08-04 10:05:00-04:00,14765.4287109375,14770.8408203125,14755.9931640625,14770.447265625,14770.447265625,68709597,CDLHARAMI_Bull,2.0
2021-08-04 10:10:00-04:00,14772.1806640625,14779.552734375,14760.80859375,14766.458984375,14766.458984375,74314475,NO_PATTERN,0.0
2021-08-04 10:15:00-04:00,14768.275390625,14769.05859375,14763.458984375,14765.1611328125,14765.1611328125,69273167,CDLSHORTLINE_Bear,1.0
2021-08-04 10:20:00-04:00,14763.8408203125,14763.8408203125,14750.6591796875,14753.8974609375,14753.8974609375,71627735,,
2021-08-04 10:25:00-04:00,14755.908203125,14765.5341796875,14749.4140625,14754.478515625,14754.478515625,67879000,CDLMATCHINGLOW_Bull,9.0
2021-08-04 10:30:00-04:00,14754.052734375,14754.23046875,14735.0673828125,14748.806640625,14748.806640625,66360000,CDLHAMMER_Bull,1.0
2021-08-04 10:35:00-04:00,14750.8251953125,14756.748046875,14746.9189453125,14746.9189453125,14746.9189453125,57184000,NO_PATTERN,0.0
2021-08-04 10:40:00-04:00,14747.611328125,14758.880859375,14746.0947265625,14755.3779296875,14755.3779296875,53209000,,
2021-08-04 10:45:00-04:00,14755.478515625,14768.78125,14754.353515625,14765.01171875,14765.01171875,53813000,,
2021-08-04 10:50:00-04:00,14765.7041015625,14766.1494140625,14755.0146484375,14755.140625,14755.140625,49904000,,
2021-08-04 10:55:00-04:00,14755.7666015625,14761.72265625,14751.623046875,14760.853515625,14760.853515625,48632000,CDLHARAMI_Bull,2.0
2021-08-04 11:00:00-04:00,14761.7275390625,14771.732421875,14761.3447265625,14770.2158203125,14770.2158203125,49599000,,
2021-08-04 11:05:00-04:00,14770.6240234375,14780.861328125,14768.5517578125,14777.943359375,14777.943359375,48162000,NO_PATTERN,0.0
2021-08-04 11:10:00-04:00,14778.3076171875,14781.03515625,14772.091796875,14773.3681640625,14773.3681640625,44276000,CDLSHORTLINE_Bear,1.0
2021-08-04 11:15:00-04:00,14772.8408203125,14774.6845703125,14765.9384765625,14765.9384765625,14765.9384765625,47388000,,
2021-08-04 11:20:00-04:00,14764.609375,14764.609375,14755.2685546875,14755.8486328125,14755.8486328125,46104000,,
2021-08-04 11:25:00-04:00,14756.7041015625,14759.5966796875,14751.197265625,14754.2421875,14754.2421875,45369000,CDLSPINNINGTOP_Bear,1.0
2021-08-04 11:30:00-04:00,14755.0048828125,14765.341796875,14755.0048828125,14765.341796875,14765.341796875,36009000,,
2021-08-04 11:35:00-04:00,14766.9580078125,14766.9580078125,14742.4150390625,14744.77734375,14744.77734375,51492000,CDLBELTHOLD_Bear,2.0
2021-08-04 11:40:00-04:00,14746.990234375,14749.783203125,14740.2734375,14743.4462890625,14743.4462890625,41006000,CDL3OUTSIDE_Bear,1.0
2021-08-04 11:45:00-04:00,14743.974609375,14757.8564453125,14743.974609375,14757.234375,14757.234375,39170000,,
2021-08-04 11:50:00-04:00,14757.3291015625,14764.474609375,14756.1025390625,14757.6728515625,14757.6728515625,37581000,CDLRICKSHAWMAN_Bull,6.0
2021-08-04 11:55:00-04:00,14760.0146484375,14767.9677734375,14760.0146484375,14766.5712890625,14766.5712890625,37687000,CDLSHORTLINE_Bull,1.0
2021-08-04 12:00:00-04:00,14766.3466796875,14767.4482421875,14759.34375,14761.8603515625,14761.8603515625,37973000,NO_PATTERN,0.0
2021-08-04 12:05:00-04:00,14761.5556640625,14767.7744140625,14759.609375,14767.7744140625,14767.7744140625,33846000,CDLENGULFING_Bull,1.0
2021-08-04 12:10:00-04:00,14767.5625,14776.115234375,14765.947265625,14771.552734375,14771.552734375,38297000,CDL3OUTSIDE_Bull,1.0
2021-08-04 12:15:00-04:00,14770.8447265625,14773.685546875,14768.115234375,14770.408203125,14770.408203125,29760000,CDLRICKSHAWMAN_Bull,5.0
2021-08-04 12:20:00-04:00,14770.2255859375,14771.4892578125,14766.853515625,14768.0673828125,14768.0673828125,31866000,,
2021-08-04 12:25:00-04:00,14768.2138671875,14773.314453125,14768.2138671875,14773.314453125,14773.314453125,37487000,CDLSHORTLINE_Bull,1.0
2021-08-04 12:30:00-04:00,14773.212890625,14776.6328125,14771.234375,14775.4296875,14775.4296875,33921000,CDLHIKKAKE_Bull,1.0
2021-08-04 12:35:00-04:00,14775.208984375,14776.451171875,14768.728515625,14773.154296875,14773.154296875,35029000,NO_PATTERN,0.0
2021-08-04 12:40:00-04:00,14774.046875,14774.046875,14763.462890625,14763.90234375,14763.90234375,31481000,,
2021-08-04 12:45:00-04:00,14764.2490234375,14774.94140625,14764.2490234375,14772.998046875,14772.998046875,32557000,CDLBELTHOLD_Bull,1.0
2021-08-04 12:50:00-04:00,14773.6630859375,14775.1767578125,14767.41015625,14771.8369140625,14771.8369140625,32605000,NO_PATTERN,0.0
2021-08-04 12:55:00-04:00,14772.5087890625,14776.626953125,14769.205078125,14776.173828125,14776.173828125,33542000,NO_PATTERN,0.0
2021-08-04 13:00:00-04:00,14776.755859375,14786.169921875,14776.755859375,14784.97265625,14784.97265625,27778000,,
2021-08-04 13:05:00-04:00,14784.908203125,14795.80859375,14784.908203125,14795.765625,14795.765625,30945000,,
2021-08-04 13:10:00-04:00,14796.916015625,14799.4462890625,14795.037109375,14797.48828125,14797.48828125,31460000,,
2021-08-04 13:15:00-04:00,14797.8447265625,14802.181640625,14793.2314453125,14802.181640625,14802.181640625,31600000,CDLHANGINGMAN_Bear,1.0
2021-08-04 13:20:00-04:00,14802.4658203125,14808.271484375,14802.4658203125,14806.5849609375,14806.5849609375,28484000,NO_PATTERN,0.0
2021-08-04 13:25:00-04:00,14806.6201171875,14806.6201171875,14798.6259765625,14798.8369140625,14798.8369140625,30642000,,
2021-08-04 13:30:00-04:00,14798.689453125,14802.0205078125,14791.4951171875,14792.220703125,14792.220703125,30848000,CDL3OUTSIDE_Bear,2.0
2021-08-04 13:35:00-04:00,14792.7421875,14792.89453125,14785.1357421875,14786.634765625,14786.634765625,35797000,CDLBELTHOLD_Bear,1.0
2021-08-04 13:40:00-04:00,14786.9755859375,14790.091796875,14785.80078125,14788.0634765625,14788.0634765625,29119000,CDLHARAMI_Bull,2.0
2021-08-04 13:45:00-04:00,14788.4521484375,14792.232421875,14787.24609375,14792.232421875,14792.232421875,30736000,,
2021-08-04 13:50:00-04:00,14792.2177734375,14796.841796875,14788.5859375,14796.669921875,14796.669921875,28478000,NO_PATTERN,0.0
2021-08-04 13:55:00-04:00,14797.11328125,14797.208984375,14793.19921875,14793.19921875,14793.19921875,34081000,CDLSHORTLINE_Bear,1.0
2021-08-04 14:00:00-04:00,14793.8896484375,14796.623046875,14791.1044921875,14795.1845703125,14795.1845703125,29656000,CDLSPINNINGTOP_Bull,1.0
2021-08-04 14:05:00-04:00,14796.203125,14801.6962890625,14794.9208984375,14798.849609375,14798.849609375,32247000,NO_PATTERN,0.0
2021-08-04 14:10:00-04:00,14799.00390625,14808.7119140625,14798.580078125,14808.7119140625,14808.7119140625,32387000,,
2021-08-04 14:15:00-04:00,14808.8447265625,14809.2177734375,14806.111328125,14806.111328125,14806.111328125,32009000,CDLSHORTLINE_Bear,1.0
2021-08-04 14:20:00-04:00,14805.9384765625,14811.119140625,14805.068359375,14809.5263671875,14809.5263671875,30668000,CDLENGULFING_Bull,1.0
2021-08-04 14:25:00-04:00,14809.380859375,14809.431640625,14802.583984375,14803.037109375,14803.037109375,33019000,,
2021-08-04 14:30:00-04:00,14803.2275390625,14806.6640625,14799.2548828125,14806.6279296875,14806.6279296875,36079000,CDLHARAMI_Bull,2.0
2021-08-04 14:35:00-04:00,14806.56640625,14812.341796875,14806.564453125,14810.6748046875,14810.6748046875,29693000,CDL3INSIDE_Bull,1.0
2021-08-04 14:40:00-04:00,14810.8818359375,14811.146484375,14803.2216796875,14804.5673828125,14804.5673828125,32397000,CDLBELTHOLD_Bear,2.0
2021-08-04 14:45:00-04:00,14804.4736328125,14805.1865234375,14792.5546875,14796.0849609375,14796.0849609375,33449000,CDL3OUTSIDE_Bear,1.0
2021-08-04 14:50:00-04:00,14795.767578125,14795.767578125,14790.873046875,14795.318359375,14795.318359375,28518000,CDLLONGLEGGEDDOJI_Bull,5.0
2021-08-04 14:55:00-04:00,14795.828125,14795.828125,14788.76171875,14792.287109375,14792.287109375,30901000,NO_PATTERN,0.0
2021-08-04 15:00:00-04:00,14791.740234375,14793.3505859375,14788.7373046875,14792.09375,14792.09375,29279000,CDLRICKSHAWMAN_Bull,5.0
2021-08-04 15:05:00-04:00,14792.0810546875,14793.671875,14786.1064453125,14786.1669921875,14786.1669921875,33153000,CDLCLOSINGMARUBOZU_Bear,1.0
2021-08-04 15:10:00-04:00,14787.005859375,14787.2421875,14777.46484375,14782.017578125,14782.017578125,30892000,CDLBELTHOLD_Bear,1.0
2021-08-04 15:15:00-04:00,14781.91796875,14781.91796875,14774.4296875,14774.4296875,14774.4296875,32154000,,
2021-08-04 15:20:00-04:00,14774.4599609375,14782.30859375,14774.1259765625,14779.9072265625,14779.9072265625,35125000,CDLBELTHOLD_Bull,1.0
2021-08-04 15:25:00-04:00,14779.8740234375,14783.8857421875,14779.685546875,14782.7275390625,14782.7275390625,40534000,CDLSHORTLINE_Bull,1.0
2021-08-04 15:30:00-04:00,14782.8115234375,14787.236328125,14778.7724609375,14786.501953125,14786.501953125,42870000,CDLHANGINGMAN_Bear,1.0
2021-08-04 15:35:00-04:00,14786.2568359375,14788.404296875,14784.6318359375,14786.3525390625,14786.3525390625,45828000,CDLRICKSHAWMAN_Bull,5.0
2021-08-04 15:40:00-04:00,14786.5234375,14794.615234375,14785.1396484375,14794.0234375,14794.0234375,47749000,,
2021-08-04 15:45:00-04:00,14794.0615234375,14794.5966796875,14789.5576171875,14792.65234375,14792.65234375,57057000,NO_PATTERN,0.0
2021-08-04 15:50:00-04:00,14797.2646484375,14798.8232421875,14791.7646484375,14798.8232421875,14798.8232421875,75298000,CDLHIKKAKE_Bear,2.0
2021-08-04 15:55:00-04:00,14796.0517578125,14796.1796875,14779.478515625,14779.478515625,14779.478515625,87805000,,
2021-08-05 09:30:00-04:00,14800.4970703125,14806.130859375,14778.1591796875,14805.2099609375,14805.2099609375,0,NO_PATTERN,0.0
2021-08-05 09:35:00-04:00,14808.2783203125,14815.5439453125,14804.5458984375,14807.9609375,14807.9609375,97832140,CDLRICKSHAWMAN_Bull,5.0
2021-08-05 09:40:00-04:00,14805.662109375,14817.90625,14803.40234375,14813.4638671875,14813.4638671875,85996950,CDLENGULFING_Bull,1.0
2021-08-05 09:45:00-04:00,14812.9306640625,14836.126953125,14811.537109375,14828.7568359375,14828.7568359375,80592062,CDL3OUTSIDE_Bull,1.0
2021-08-05 09:50:00-04:00,14828.2880859375,14838.42578125,14827.7158203125,14836.3759765625,14836.3759765625,75316892,,
2021-08-05 09:55:00-04:00,14835.9228515625,14840.4755859375,14828.2294921875,14840.431640625,14840.431640625,71246444,CDLHANGINGMAN_Bear,1.0
2021-08-05 10:00:00-04:00,14843.060546875,14846.658203125,14838.72265625,14840.4453125,14840.4453125,69678891,NO_PATTERN,0.0
2021-08-05 10:05:00-04:00,14839.6064453125,14840.42578125,14827.5751953125,14838.6376953125,14838.6376953125,66423407,CDLLONGLEGGEDDOJI_Bull,5.0
2021-08-05 10:10:00-04:00,14839.9833984375,14842.2431640625,14830.8271484375,14834.9384765625,14834.9384765625,57881103,CDLSHORTLINE_Bear,1.0
2021-08-05 10:15:00-04:00,14836.70703125,14841.14453125,14834.224609375,14841.14453125,14841.14453125,55158229,CDLSHORTLINE_Bull,1.0
2021-08-05 10:20:00-04:00,14841.1220703125,14841.4345703125,14823.6328125,14825.4384765625,14825.4384765625,56524523,,
2021-08-05 10:25:00-04:00,14826.244140625,14835.6083984375,14819.2021484375,14835.6083984375,14835.6083984375,52238338,CDLCLOSINGMARUBOZU_Bull,1.0
2021-08-05 10:30:00-04:00,14837.9345703125,14848.5361328125,14837.9345703125,14845.150390625,14845.150390625,56624000,NO_PATTERN,0.0
2021-08-05 10:35:00-04:00,14845.7529296875,14847.91796875,14841.6162109375,14841.6162109375,14841.6162109375,54326000,CDLSHORTLINE_Bear,1.0
2021-08-05 10:40:00-04:00,14842.208984375,14846.6044921875,14840.2421875,14845.46484375,14845.46484375,48087000,,
2021-08-05 10:45:00-04:00,14844.681640625,14851.4326171875,14844.3876953125,14850.2685546875,14850.2685546875,49133000,,
2021-08-05 10:50:00-04:00,14850.36328125,14865.5478515625,14850.1435546875,14863.8544921875,14863.8544921875,45817000,,
2021-08-05 10:55:00-04:00,14863.34765625,14865.5498046875,14858.572265625,14860.6845703125,14860.6845703125,43530000,CDLHARAMI_Bear,1.0
2021-08-05 11:00:00-04:00,14861.541015625,14877.080078125,14861.33203125,14876.7470703125,14876.7470703125,47681000,,
2021-08-05 11:05:00-04:00,14876.9658203125,14879.572265625,14876.20703125,14877.279296875,14877.279296875,47147000,CDLRICKSHAWMAN_Bull,8.0
2021-08-05 11:10:00-04:00,14877.3798828125,14877.439453125,14874.041015625,14876.53125,14876.53125,43166000,CDLLONGLEGGEDDOJI_Bull,6.0
2021-08-05 11:15:00-04:00,14876.58203125,14876.8720703125,14868.876953125,14870.224609375,14870.224609375,44855000,,
2021-08-05 11:20:00-04:00,14871.4873046875,14878.33203125,14871.4873046875,14878.33203125,14878.33203125,45649000,,
2021-08-05 11:25:00-04:00,14877.9658203125,14881.8798828125,14874.9208984375,14879.4833984375,14879.4833984375,42371000,CDLSPINNINGTOP_Bull,1.0
2021-08-05 11:30:00-04:00,14879.767578125,14888.4296875,14879.3525390625,14885.9384765625,14885.9384765625,42126000,CDLBELTHOLD_Bull,1.0
2021-08-05 11:35:00-04:00,14885.9697265625,14886.2412109375,14882.185546875,14882.185546875,14882.185546875,42505000,CDLSHORTLINE_Bear,1.0
2021-08-05 11:40:00-04:00,14880.787109375,14880.787109375,14871.6279296875,14872.146484375,14872.146484375,42334000,,
2021-08-05 11:45:00-04:00,14872.6787109375,14872.77734375,14869.0537109375,14870.0908203125,14870.0908203125,38734000,CDLSHORTLINE_Bear,1.0
2021-08-05 11:50:00-04:00,14870.451171875,14872.5947265625,14867.5546875,14872.5947265625,14872.5947265625,31611000,CDLHAMMER_Bull,1.0
2021-08-05 11:55:00-04:00,14870.83984375,14873.947265625,14869.310546875,14873.947265625,14873.947265625,39033000,NO_PATTERN,0.0
2021-08-05 12:00:00-04:00,14873.9296875,14874.462890625,14868.2685546875,14869.5029296875,14869.5029296875,36380000,CDLBELTHOLD_Bear,1.0
2021-08-05 12:05:00-04:00,14869.35546875,14877.8203125,14867.541015625,14876.3857421875,14876.3857421875,37658000,CDLENGULFING_Bull,1.0
2021-08-05 12:10:00-04:00,14876.41015625,14882.08984375,14875.857421875,14881.0498046875,14881.0498046875,30535000,CDL3OUTSIDE_Bull,2.0
2021-08-05 12:15:00-04:00,14881.1767578125,14881.4482421875,14876.6298828125,14879.076171875,14879.076171875,32047000,NO_PATTERN,0.0
2021-08-05 12:20:00-04:00,14878.646484375,14879.2763671875,14874.1630859375,14878.861328125,14878.861328125,30716000,CDLLONGLEGGEDDOJI_Bull,6.0
2021-08-05 12:25:00-04:00,14879.35546875,14879.955078125,14875.8291015625,14875.8291015625,14875.8291015625,31686000,,
2021-08-05 12:30:00-04:00,14875.94140625,14880.908203125,14875.45703125,14879.076171875,14879.076171875,30739000,NO_PATTERN,0.0
2021-08-05 12:35:00-04:00,14879.2548828125,14880.1025390625,14875.6845703125,14875.7333984375,14875.7333984375,29019000,,
2021-08-05 12:40:00-04:00,14875.7431640625,14875.7431640625,14869.6767578125,14870.0126953125,14870.0126953125,31777000,,
2021-08-05 12:45:00-04:00,14869.9580078125,14870.5234375,14867.6669921875,14870.5234375,14870.5234375,29169000,CDLLONGLEGGEDDOJI_Bull,5.0
2021-08-05 12:50:00-04:00,14870.7119140625,14873.1298828125,14870.5146484375,14871.009765625,14871.009765625,31039000,CDLLONGLEGGEDDOJI_Bull,4.0
2021-08-05 12:55:00-04:00,14870.970703125,14872.7080078125,14868.8818359375,14869.7294921875,14869.7294921875,36484000,NO_PATTERN,0.0
2021-08-05 13:00:00-04:00,14869.7939453125,14870.076171875,14866.6826171875,14869.25,14869.25,31073000,CDLHAMMER_Bull,1.0
2021-08-05 13:05:00-04:00,14869.484375,14871.568359375,14865.244140625,14867.3857421875,14867.3857421875,30014000,NO_PATTERN,0.0
2021-08-05 13:10:00-04:00,14867.609375,14868.6923828125,14865.2392578125,14868.0498046875,14868.0498046875,29124000,CDLRICKSHAWMAN_Bull,6.0
2021-08-05 13:15:00-04:00,14868.283203125,14869.955078125,14867.7177734375,14869.162109375,14869.162109375,30103000,CDLSHORTLINE_Bull,1.0
2021-08-05 13:20:00-04:00,14869.1123046875,14871.080078125,14868.8310546875,14869.970703125,14869.970703125,31888000,CDLSHORTLINE_Bull,1.0
2021-08-05 13:25:00-04:00,14870.1728515625,14875.138671875,14870.1728515625,14874.482421875,14874.482421875,32217000,,
2021-08-05 13:30:00-04:00,14874.65625,14878.7412109375,14873.529296875,14878.7412109375,14878.7412109375,31851000,CDLCLOSINGMARUBOZU_Bull,1.0
2021-08-05 13:35:00-04:00,14878.8681640625,14879.73828125,14877.3154296875,14878.3857421875,14878.3857421875,32944000,,
2021-08-05 13:40:00-04:00,14878.4052734375,14880.787109375,14877.9052734375,14878.7919921875,14878.7919921875,36336000,CDLSPINNINGTOP_Bull,1.0
2021-08-05 13:45:00-04:00,14878.646484375,14879.5380859375,14876.2392578125,14878.62890625,14878.62890625,36148000,CDLLONGLEGGEDDOJI_Bull,4.0
2021-08-05 13:50:00-04:00,14878.1005859375,14878.4111328125,14876.37890625,14877.4306640625,14877.4306640625,30708000,CDLSHORTLINE_Bear,1.0
2021-08-05 13:55:00-04:00,14877.337890625,14881.7353515625,14875.486328125,14881.7353515625,14881.7353515625,32633000,CDLCLOSINGMARUBOZU_Bull,2.0
2021-08-05 14:00:00-04:00,14881.9345703125,14885.47265625,14881.2998046875,14883.705078125,14883.705078125,28615000,CDL3OUTSIDE_Bull,1.0
2021-08-05 14:05:00-04:00,14883.634765625,14884.1640625,14877.8408203125,14880.7275390625,14880.7275390625,36010000,CDLXSIDEGAP3METHODS_Bull,1.0
2021-08-05 14:10:00-04:00,14880.611328125,14883.39453125,14880.138671875,14880.4716796875,14880.4716796875,29523000,CDLINVERTEDHAMMER_Bull,7.0
2021-08-05 14:15:00-04:00,14880.3515625,14884.0947265625,14879.833984375,14884.0947265625,14884.0947265625,27829000,,
2021-08-05 14:20:00-04:00,14884.341796875,14884.341796875,14881.5693359375,14881.7001953125,14881.7001953125,32279000,,
2021-08-05 14:25:00-04:00,14881.681640625,14883.4853515625,14879.6689453125,14879.6689453125,14879.6689453125,27624000,CDLCLOSINGMARUBOZU_Bear,1.0
2021-08-05 14:30:00-04:00,14879.638671875,14881.0947265625,14877.0380859375,14880.1318359375,14880.1318359375,34413000,CDLTHRUSTING_Bear,2.0
2021-08-05 14:35:00-04:00,14880.0771484375,14883.4462890625,14879.005859375,14880.4912109375,14880.4912109375,32724000,CDLHIGHWAVE_Bull,2.0
2021-08-05 14:40:00-04:00,14880.2099609375,14884.5595703125,14879.974609375,14882.4921875,14882.4921875,33581000,CDLBELTHOLD_Bull,1.0
2021-08-05 14:45:00-04:00,14882.529296875,14882.529296875,14878.4130859375,14879.8212890625,14879.8212890625,30461000,CDLBELTHOLD_Bear,2.0
2021-08-05 14:50:00-04:00,14880.1904296875,14881.6337890625,14878.9033203125,14879.4638671875,14879.4638671875,31412000,CDL3OUTSIDE_Bear,1.0
2021-08-05 14:55:00-04:00,14879.4033203125,14882.5546875,14875.962890625,14877.240234375,14877.240234375,29543000,NO_PATTERN,0.0
2021-08-05 15:00:00-04:00,14877.169921875,14880.0869140625,14876.5283203125,14878.6259765625,14878.6259765625,33449000,NO_PATTERN,0.0
2021-08-05 15:05:00-04:00,14878.0634765625,14879.5634765625,14875.513671875,14875.513671875,14875.513671875,30183000,CDLCLOSINGMARUBOZU_Bear,2.0
2021-08-05 15:10:00-04:00,14875.572265625,14875.751953125,14873.4765625,14873.4765625,14873.4765625,32123000,,
2021-08-05 15:15:00-04:00,14873.416015625,14874.3271484375,14866.6279296875,14866.7353515625,14866.7353515625,34296000,,
2021-08-05 15:20:00-04:00,14866.845703125,14872.3955078125,14866.845703125,14870.6171875,14870.6171875,35879000,CDLBELTHOLD_Bull,1.0
2021-08-05 15:25:00-04:00,14870.568359375,14874.2841796875,14870.568359375,14871.0615234375,14871.0615234375,37966000,CDLHIKKAKE_Bear,1.0
2021-08-05 15:30:00-04:00,14869.5400390625,14871.314453125,14866.5341796875,14867.7001953125,14867.7001953125,38199000,NO_PATTERN,0.0
2021-08-05 15:35:00-04:00,14867.861328125,14870.3388671875,14867.4990234375,14870.04296875,14870.04296875,45824000,,
2021-08-05 15:40:00-04:00,14870.4423828125,14872.2900390625,14868.3623046875,14871.9755859375,14871.9755859375,51701000,CDLHIKKAKE_Bear,2.0
2021-08-05 15:45:00-04:00,14871.4287109375,14874.439453125,14870.5966796875,14873.71875,14873.71875,54326000,CDLSHORTLINE_Bull,1.0
2021-08-05 15:50:00-04:00,14875.51171875,14886.119140625,14875.51171875,14885.541015625,14885.541015625,78987000,,
2021-08-05 15:55:00-04:00,14885.0830078125,14895.7783203125,14884.9169921875,14893.62890625,14893.62890625,87703000,CDLBELTHOLD_Bull,1.0
2021-08-06 09:30:00-04:00,14868.7646484375,14887.029296875,14858.7236328125,14887.029296875,14887.029296875,0,CDLCLOSINGMARUBOZU_Bull,1.0
2021-08-06 09:35:00-04:00,14889.0439453125,14889.82421875,14872.873046875,14872.873046875,14872.873046875,101319446,,
2021-08-06 09:40:00-04:00,14874.61328125,14875.4052734375,14858.2333984375,14862.4267578125,14862.4267578125,103197209,CDLBELTHOLD_Bear,1.0
2021-08-06 09:45:00-04:00,14862.455078125,14864.0537109375,14848.619140625,14858.2529296875,14858.2529296875,81365753,NO_PATTERN,0.0
2021-08-06 09:50:00-04:00,14858.3134765625,14858.3134765625,14837.9951171875,14849.9150390625,14849.9150390625,82968422,CDLBELTHOLD_Bear,1.0
2021-08-06 09:55:00-04:00,14849.16015625,14856.80859375,14847.3271484375,14851.8505859375,14851.8505859375,72652008,NO_PATTERN,0.0
2021-08-06 10:00:00-04:00,14852.7216796875,14855.3974609375,14840.5625,14854.1025390625,14854.1025390625,72699074,CDLHIKKAKE_Bull,1.0
2021-08-06 10:05:00-04:00,14851.6162109375,14857.7236328125,14838.4443359375,14854.9013671875,14854.9013671875,67295733,NO_PATTERN,0.0
2021-08-06 10:10:00-04:00,14854.3525390625,14859.5146484375,14844.2724609375,14844.2724609375,14844.2724609375,65789817,CDLCLOSINGMARUBOZU_Bear,2.0
2021-08-06 10:15:00-04:00,14844.5185546875,14852.294921875,14843.7666015625,14844.26171875,14844.26171875,64449534,CDLMATCHINGLOW_Bull,5.0
2021-08-06 10:20:00-04:00,14841.6064453125,14842.41015625,14832.9892578125,14839.5537109375,14839.5537109375,62999877,CDLHAMMER_Bull,1.0
2021-08-06 10:25:00-04:00,14840.158203125,14845.3828125,14837.294921875,14843.4375,14843.4375,55804000,,
2021-08-06 10:30:00-04:00,14843.1474609375,14849.1259765625,14841.61328125,14846.0927734375,14846.0927734375,56508000,CDLSHORTLINE_Bull,1.0
2021-08-06 10:35:00-04:00,14845.0322265625,14846.302734375,14835.0009765625,14837.88671875,14837.88671875,54460000,,
2021-08-06 10:40:00-04:00,14837.9326171875,14841.4296875,14837.052734375,14840.447265625,14840.447265625,50083000,,
2021-08-06 10:45:00-04:00,14838.9306640625,14839.677734375,14816.884765625,14818.884765625,14818.884765625,52799000,,
2021-08-06 10:50:00-04:00,14818.0205078125,14818.0205078125,14809.59765625,14811.3134765625,14811.3134765625,46623000,,
2021-08-06 10:55:00-04:00,14812.1337890625,14813.1845703125,14804.076171875,14811.982421875,14811.982421875,47641000,CDLHOMINGPIGEON_Bull,9.0
2021-08-06 11:00:00-04:00,14810.96484375,14815.9150390625,14800.4775390625,14800.4775390625,14800.4775390625,45301000,CDLCLOSINGMARUBOZU_Bear,1.0
2021-08-06 11:05:00-04:00,14797.318359375,14797.318359375,14788.8076171875,14793.037109375,14793.037109375,0,NO_PATTERN,0.0
2021-08-06 11:10:00-04:00,14794.751953125,14802.7373046875,14789.1708984375,14802.7373046875,14802.7373046875,1517585000,CDLXSIDEGAP3METHODS_Bear,2.0
2021-08-06 11:15:00-04:00,14803.015625,14812.0634765625,14798.896484375,14812.0634765625,14812.0634765625,43687000,CDLCLOSINGMARUBOZU_Bull,1.0
2021-08-06 11:20:00-04:00,14812.8115234375,14824.5810546875,14812.8115234375,14824.5810546875,14824.5810546875,44919000,,
2021-08-06 11:25:00-04:00,14824.041015625,14825.5322265625,14816.9033203125,14825.5322265625,14825.5322265625,48936000,,
2021-08-06 11:30:00-04:00,14824.869140625,14827.595703125,14822.8203125,14822.8203125,14822.8203125,38807000,NO_PATTERN,0.0
2021-08-06 11:35:00-04:00,14822.087890625,14822.087890625,14816.6005859375,14820.80078125,14820.80078125,39472000,CDLHAMMER_Bull,1.0
2021-08-06 11:40:00-04:00,14821.046875,14822.23828125,14816.6728515625,14819.21875,14819.21875,37231000,NO_PATTERN,0.0
2021-08-06 11:45:00-04:00,14818.86328125,14820.7763671875,14814.724609375,14819.546875,14819.546875,39115000,CDLRICKSHAWMAN_Bull,4.0
2021-08-06 11:50:00-04:00,14821.2080078125,14824.3427734375,14818.6142578125,14819.876953125,14819.876953125,34453000,NO_PATTERN,0.0
2021-08-06 11:55:00-04:00,14820.466796875,14833.1044921875,14818.9541015625,14833.1044921875,14833.1044921875,33360000,,
2021-08-06 12:00:00-04:00,14834.228515625,14836.0830078125,14832.13671875,14835.4697265625,14835.4697265625,35640000,CDLHANGINGMAN_Bear,1.0
2021-08-06 12:05:00-04:00,14835.1376953125,14836.8984375,14830.26953125,14830.26953125,14830.26953125,36473000,,
2021-08-06 12:10:00-04:00,14830.4794921875,14831.2236328125,14824.6630859375,14826.259765625,14826.259765625,37118000,CDLLONGLINE_Bear,1.0
2021-08-06 12:15:00-04:00,14826.2021484375,14828.8935546875,14822.6650390625,14827.0498046875,14827.0498046875,37444000,CDLHIGHWAVE_Bull,2.0
2021-08-06 12:20:00-04:00,14827.2861328125,14833.994140625,14826.984375,14833.564453125,14833.564453125,30794000,,
2021-08-06 12:25:00-04:00,14833.4853515625,14836.9287109375,14833.0556640625,14836.3291015625,14836.3291015625,31340000,CDLSHORTLINE_Bull,1.0
2021-08-06 12:30:00-04:00,14836.1103515625,14837.1826171875,14830.8427734375,14833.9033203125,14833.9033203125,36097000,NO_PATTERN,0.0
2021-08-06 12:35:00-04:00,14833.9892578125,14834.3056640625,14828.9013671875,14828.9013671875,14828.9013671875,32423000,,
2021-08-06 12:40:00-04:00,14828.3486328125,14829.123046875,14824.544921875,14824.65625,14824.65625,28582000,CDLSHORTLINE_Bear,1.0
2021-08-06 12:45:00-04:00,14824.1806640625,14825.501953125,14820.4677734375,14821.068359375,14821.068359375,30660000,NO_PATTERN,0.0
2021-08-06 12:50:00-04:00,14820.98828125,14827.7265625,14820.8818359375,14827.7265625,14827.7265625,26893000,,
2021-08-06 12:55:00-04:00,14827.7236328125,14833.466796875,14827.6689453125,14832.556640625,14832.556640625,27679000,,
2021-08-06 13:00:00-04:00,14832.833984375,14841.431640625,14832.78515625,14841.431640625,14841.431640625,33680000,,
2021-08-06 13:05:00-04:00,14841.5498046875,14842.501953125,14840.3271484375,14840.861328125,14840.861328125,24596000,NO_PATTERN,0.0
2021-08-06 13:10:00-04:00,14839.6982421875,14843.3173828125,14838.6171875,14842.931640625,14842.931640625,27856000,CDLENGULFING_Bull,1.0
2021-08-06 13:15:00-04:00,14842.8955078125,14842.994140625,14838.5654296875,14840.7197265625,14840.7197265625,28710000,NO_PATTERN,0.0
2021-08-06 13:20:00-04:00,14840.4404296875,14840.4404296875,14832.7607421875,14832.7607421875,14832.7607421875,31515000,,
2021-08-06 13:25:00-04:00,14833.087890625,14833.833984375,14830.3974609375,14830.783203125,14830.783203125,30957000,NO_PATTERN,0.0
2021-08-06 13:30:00-04:00,14831.04296875,14831.546875,14829.6064453125,14831.212890625,14831.212890625,27464000,CDLRICKSHAWMAN_Bull,7.0
2021-08-06 13:35:00-04:00,14831.5966796875,14834.759765625,14831.5966796875,14833.3818359375,14833.3818359375,25884000,NO_PATTERN,0.0
2021-08-06 13:40:00-04:00,14833.130859375,14833.3896484375,14827.1953125,14829.4482421875,14829.4482421875,29533000,NO_PATTERN,0.0
2021-08-06 13:45:00-04:00,14829.701171875,14833.263671875,14829.138671875,14829.955078125,14829.955078125,27494000,CDLLONGLEGGEDDOJI_Bull,4.0
2021-08-06 13:50:00-04:00,14829.9345703125,14831.5966796875,14828.751953125,14829.232421875,14829.232421875,30623000,CDLHIKKAKE_Bull,1.0
2021-08-06 13:55:00-04:00,14829.3203125,14833.240234375,14829.3203125,14833.17578125,14833.17578125,26211000,,
2021-08-06 14:00:00-04:00,14833.48828125,14838.2646484375,14833.48828125,14838.083984375,14838.083984375,30772000,,
2021-08-06 14:05:00-04:00,14837.9833984375,14837.9833984375,14834.3603515625,14835.541015625,14835.541015625,32693000,CDLHARAMI_Bear,1.0
2021-08-06 14:10:00-04:00,14835.4111328125,14835.982421875,14830.169921875,14830.169921875,14830.169921875,25862000,,
2021-08-06 14:15:00-04:00,14829.9443359375,14830.6103515625,14827.8671875,14830.6103515625,14830.6103515625,27962000,CDLTHRUSTING_Bear,2.0
2021-08-06 14:20:00-04:00,14830.701171875,14830.8251953125,14826.015625,14829.1884765625,14829.1884765625,32211000,CDLENGULFING_Bear,1.0
2021-08-06 14:25:00-04:00,14829.6943359375,14832.7060546875,14829.119140625,14832.28125,14832.28125,26472000,CDLLONGLINE_Bull,1.0
2021-08-06 14:30:00-04:00,14832.1650390625,14834.89453125,14831.1708984375,14833.3583984375,14833.3583984375,25457000,NO_PATTERN,0.0
2021-08-06 14:35:00-04:00,14833.5693359375,14834.998046875,14831.4814453125,14834.1787109375,14834.1787109375,27008000,CDLADVANCEBLOCK_Bear,2.0
2021-08-06 14:40:00-04:00,14833.8740234375,14833.8740234375,14829.4140625,14832.0517578125,14832.0517578125,34943000,CDLHAMMER_Bull,1.0
2021-08-06 14:45:00-04:00,14832.1298828125,14832.16015625,14827.0029296875,14827.8017578125,14827.8017578125,25415000,,
2021-08-06 14:50:00-04:00,14827.78125,14828.0673828125,14822.806640625,14822.806640625,14822.806640625,30915000,,
2021-08-06 14:55:00-04:00,14822.6494140625,14824.3115234375,14820.31640625,14822.3818359375,14822.3818359375,29677000,CDLRICKSHAWMAN_Bull,6.0
2021-08-06 15:00:00-04:00,14821.9716796875,14823.6953125,14814.6611328125,14814.7880859375,14814.7880859375,41074000,CDLCLOSINGMARUBOZU_Bear,1.0
2021-08-06 15:05:00-04:00,14815.4208984375,14820.0888671875,14815.15234375,14820.072265625,14820.072265625,29392000,,
2021-08-06 15:10:00-04:00,14820.21875,14826.76953125,14820.033203125,14826.19140625,14826.19140625,32454000,,
2021-08-06 15:15:00-04:00,14826.146484375,14828.1640625,14825.66796875,14828.025390625,14828.025390625,32926000,,
2021-08-06 15:20:00-04:00,14827.9599609375,14828.8828125,14827.0419921875,14828.1220703125,14828.1220703125,35166000,CDLRICKSHAWMAN_Bull,6.0
2021-08-06 15:25:00-04:00,14828.2041015625,14831.2451171875,14826.52734375,14831.2451171875,14831.2451171875,39060000,NO_PATTERN,0.0
2021-08-06 15:30:00-04:00,14831.328125,14835.08984375,14829.5361328125,14835.0234375,14835.0234375,45747000,CDLCLOSINGMARUBOZU_Bull,1.0
2021-08-06 15:35:00-04:00,14835.083984375,14838.2353515625,14831.7138671875,14831.7138671875,14831.7138671875,39870000,NO_PATTERN,0.0
2021-08-06 15:40:00-04:00,14831.994140625,14832.5458984375,14825.6201171875,14825.6201171875,14825.6201171875,52165000,,
2021-08-06 15:45:00-04:00,14825.3193359375,14825.3193359375,14820.62890625,14820.62890625,14820.62890625,57444000,,
2021-08-06 15:50:00-04:00,14818.533203125,14827.4306640625,14818.533203125,14827.4306640625,14827.4306640625,91886000,,
2021-08-06 15:55:00-04:00,14827.9697265625,14835.93359375,14827.6103515625,14835.001953125,14835.001953125,85168000,CDL3OUTSIDE_Bull,2.0
2021-08-09 09:30:00-04:00,14856.6357421875,14869.3134765625,14844.1318359375,14844.1318359375,14844.1318359375,0,CDLCLOSINGMARUBOZU_Bear,1.0
2021-08-09 09:35:00-04:00,14839.1953125,14839.1953125,14805.890625,14805.890625,14805.890625,99362937,,
2021-08-09 09:40:00-04:00,14803.033203125,14821.9189453125,14803.033203125,14820.2451171875,14820.2451171875,89499151,CDLTHRUSTING_Bear,2.0
2021-08-09 09:45:00-04:00,14821.2265625,14839.3857421875,14817.943359375,14833.2021484375,14833.2021484375,81235057,NO_PATTERN,0.0
2021-08-09 09:50:00-04:00,14836.1259765625,14844.9814453125,14836.1259765625,14839.2822265625,14839.2822265625,82030277,CDLSHOOTINGSTAR_Bear,1.0
2021-08-09 09:55:00-04:00,14841.3369140625,14845.66796875,14836.9501953125,14843.658203125,14843.658203125,74617793,NO_PATTERN,0.0
2021-08-09 10:00:00-04:00,14843.859375,14844.1337890625,14830.888671875,14830.888671875,14830.888671875,67241120,,
2021-08-09 10:05:00-04:00,14830.4853515625,14838.9228515625,14828.0537109375,14830.958984375,14830.958984375,67630494,CDLINNECK_Bear,7.0
2021-08-09 10:10:00-04:00,14833.71875,14848.734375,14833.68359375,14844.6484375,14844.6484375,69633988,NO_PATTERN,0.0
2021-08-09 10:15:00-04:00,14843.1884765625,14843.1884765625,14834.1494140625,14839.31640625,14839.31640625,60159442,NO_PATTERN,0.0
2021-08-09 10:20:00-04:00,14840.6005859375,14847.3994140625,14839.8818359375,14843.4453125,14843.4453125,59849485,CDLHIKKAKE_Bear,1.0
2021-08-09 10:25:00-04:00,14844.3271484375,14856.4306640625,14843.5556640625,14856.3134765625,14856.3134765625,57585996,,
2021-08-09 10:30:00-04:00,14858.4814453125,14865.07421875,14858.4814453125,14862.1474609375,14862.1474609375,57059000,NO_PATTERN,0.0
2021-08-09 10:35:00-04:00,14861.744140625,14866.43359375,14855.306640625,14855.6953125,14855.6953125,59645000,CDLXSIDEGAP3METHODS_Bull,1.0
2021-08-09 10:40:00-04:00,14855.5068359375,14860.1591796875,14855.5068359375,14857.28515625,14857.28515625,52605000,NO_PATTERN,0.0
2021-08-09 10:45:00-04:00,14855.0771484375,14856.412109375,14848.4189453125,14848.4189453125,14848.4189453125,47728000,,
2021-08-09 10:50:00-04:00,14847.8818359375,14853.947265625,14845.5810546875,14853.947265625,14853.947265625,45478000,NO_PATTERN,0.0
2021-08-09 10:55:00-04:00,14854.591796875,14858.4775390625,14847.3828125,14850.1357421875,14850.1357421875,48858000,NO_PATTERN,0.0
2021-08-09 11:00:00-04:00,14850.8974609375,14858.8896484375,14850.1064453125,14854.0166015625,14854.0166015625,43036000,NO_PATTERN,0.0
2021-08-09 11:05:00-04:00,14854.162109375,14854.3486328125,14846.0654296875,14850.453125,14850.453125,43370000,CDLHAMMER_Bull,2.0
2021-08-09 11:10:00-04:00,14850.30859375,14852.1015625,14842.3125,14843.14453125,14843.14453125,41846000,,
2021-08-09 11:15:00-04:00,14842.4921875,14851.8798828125,14840.9345703125,14850.71484375,14850.71484375,43262000,,
2021-08-09 11:20:00-04:00,14849.6630859375,14854.775390625,14847.81640625,14848.5185546875,14848.5185546875,41973000,CDLHARAMI_Bear,1.0
2021-08-09 11:25:00-04:00,14849.09765625,14853.9462890625,14846.1728515625,14853.3359375,14853.3359375,38947000,NO_PATTERN,0.0
2021-08-09 11:30:00-04:00,14853.568359375,14854.529296875,14851.18359375,14854.1953125,14854.1953125,40811000,CDLLONGLEGGEDDOJI_Bull,5.0
2021-08-09 11:35:00-04:00,14854.388671875,14857.396484375,14851.4287109375,14852.2177734375,14852.2177734375,36964000,CDLENGULFING_Bear,1.0
2021-08-09 11:40:00-04:00,14851.953125,14853.044921875,14849.333984375,14852.39453125,14852.39453125,37127000,CDLRICKSHAWMAN_Bull,7.0
2021-08-09 11:45:00-04:00,14852.9130859375,14856.3203125,14851.455078125,14854.1123046875,14854.1123046875,37523000,CDLSPINNINGTOP_Bull,1.0
2021-08-09 11:50:00-04:00,14852.8603515625,14857.05078125,14851.458984375,14857.0068359375,14857.0068359375,37609000,,
2021-08-09 11:55:00-04:00,14857.3134765625,14863.58203125,14857.1005859375,14863.4619140625,14863.4619140625,37632000,,
2021-08-09 12:00:00-04:00,14864.3515625,14869.3212890625,14863.859375,14865.248046875,14865.248046875,41999000,,
2021-08-09 12:05:00-04:00,14865.2822265625,14867.5673828125,14864.962890625,14865.9609375,14865.9609375,37951000,CDLADVANCEBLOCK_Bear,2.0
2021-08-09 12:10:00-04:00,14865.982421875,14868.0625,14863.3955078125,14864.0009765625,14864.0009765625,31225000,CDLENGULFING_Bear,1.0
2021-08-09 12:15:00-04:00,14863.8828125,14864.6845703125,14860.0166015625,14860.84765625,14860.84765625,37931000,,
2021-08-09 12:20:00-04:00,14858.9775390625,14859.5439453125,14856.482421875,14857.4306640625,14857.4306640625,29948000,CDLSHORTLINE_Bear,1.0
2021-08-09 12:25:00-04:00,14857.1513671875,14860.52734375,14855.7685546875,14855.921875,14855.921875,32961000,CDLINVERTEDHAMMER_Bull,1.0
2021-08-09 12:30:00-04:00,14855.8525390625,14860.8291015625,14855.8525390625,14860.767578125,14860.767578125,30898000,,
2021-08-09 12:35:00-04:00,14861.14453125,14862.1005859375,14859.8310546875,14861.537109375,14861.537109375,33538000,CDL3OUTSIDE_Bull,6.0
2021-08-09 12:40:00-04:00,14861.6787109375,14862.388671875,14855.0185546875,14857.50390625,14857.50390625,26232000,CDLEVENINGSTAR_Bear,3.0
2021-08-09 12:45:00-04:00,14857.4140625,14865.0625,14856.984375,14864.083984375,14864.083984375,29847000,,
2021-08-09 12:50:00-04:00,14864.03125,14864.423828125,14862.541015625,14862.9013671875,14862.9013671875,28178000,,
2021-08-09 12:55:00-04:00,14862.8349609375,14863.583984375,14860.4931640625,14863.3740234375,14863.3740234375,32890000,CDLHAMMER_Bull,2.0
2021-08-09 13:00:00-04:00,14863.67578125,14863.67578125,14859.001953125,14859.9794921875,14859.9794921875,28416000,CDLBELTHOLD_Bear,2.0
2021-08-09 13:05:00-04:00,14860.044921875,14861.771484375,14858.904296875,14861.01171875,14861.01171875,27053000,CDLHARAMI_Bull,1.0
2021-08-09 13:10:00-04:00,14861.2568359375,14864.5244140625,14861.2568359375,14862.71875,14862.71875,31069000,CDLSHOOTINGSTAR_Bear,1.0
2021-08-09 13:15:00-04:00,14862.7041015625,14862.9267578125,14860.09375,14860.6787109375,14860.6787109375,26950000,,
2021-08-09 13:20:00-04:00,14860.9677734375,14861.796875,14858.3798828125,14861.5576171875,14861.5576171875,24206000,NO_PATTERN,0.0
2021-08-09 13:25:00-04:00,14861.705078125,14861.8095703125,14856.49609375,14858.125,14858.125,29575000,CDLBELTHOLD_Bear,2.0
2021-08-09 13:30:00-04:00,14858.263671875,14858.7119140625,14856.552734375,14858.5380859375,14858.5380859375,32110000,CDLLONGLEGGEDDOJI_Bull,6.0
2021-08-09 13:35:00-04:00,14858.3720703125,14865.2763671875,14857.095703125,14864.7509765625,14864.7509765625,26406000,CDL3INSIDE_Bull,2.0
2021-08-09 13:40:00-04:00,14864.640625,14864.640625,14862.9013671875,14863.5712890625,14863.5712890625,26797000,,
2021-08-09 13:45:00-04:00,14863.533203125,14866.3876953125,14863.10546875,14865.0947265625,14865.0947265625,27696000,CDLHIKKAKE_Bear,2.0
2021-08-09 13:50:00-04:00,14864.892578125,14865.7724609375,14864.0322265625,14865.4453125,14865.4453125,25689000,CDL3OUTSIDE_Bull,1.0
2021-08-09 13:55:00-04:00,14865.376953125,14870.068359375,14865.25390625,14869.2626953125,14869.2626953125,30976000,,
2021-08-09 14:00:00-04:00,14869.2822265625,14871.21875,14868.70703125,14870.5302734375,14870.5302734375,25997000,CDLSHORTLINE_Bull,1.0
2021-08-09 14:05:00-04:00,14870.6357421875,14871.1181640625,14868.162109375,14869.423828125,14869.423828125,31849000,NO_PATTERN,0.0
2021-08-09 14:10:00-04:00,14869.41015625,14869.9091796875,14868.125,14868.185546875,14868.185546875,27774000,CDLSHORTLINE_Bear,1.0
2021-08-09 14:15:00-04:00,14868.0625,14869.021484375,14866.4462890625,14866.8876953125,14866.8876953125,36882000,NO_PATTERN,0.0
2021-08-09 14:20:00-04:00,14867.0087890625,14868.1689453125,14866.1318359375,14866.9169921875,14866.9169921875,31932000,CDLMATCHINGLOW_Bull,6.0
2021-08-09 14:25:00-04:00,14866.943359375,14873.7919921875,14866.9248046875,14873.7919921875,14873.7919921875,28493000,,
2021-08-09 14:30:00-04:00,14873.830078125,14883.6552734375,14873.830078125,14883.4794921875,14883.4794921875,33381000,,
2021-08-09 14:35:00-04:00,14883.5244140625,14883.7958984375,14881.865234375,14883.0703125,14883.0703125,35512000,CDLHANGINGMAN_Bear,1.0
2021-08-09 14:40:00-04:00,14883.212890625,14883.5634765625,14875.4609375,14875.552734375,14875.552734375,33700000,,
2021-08-09 14:45:00-04:00,14875.0771484375,14875.77734375,14874.16796875,14875.4853515625,14875.4853515625,24776000,CDLONNECK_Bear,7.0
2021-08-09 14:50:00-04:00,14875.423828125,14875.423828125,14871.58203125,14872.13671875,14872.13671875,29105000,CDLBELTHOLD_Bear,1.0
2021-08-09 14:55:00-04:00,14872.189453125,14876.443359375,14872.1376953125,14875.0693359375,14875.0693359375,33136000,CDLHARAMI_Bull,1.0
2021-08-09 15:00:00-04:00,14874.9482421875,14876.396484375,14874.3603515625,14875.4755859375,14875.4755859375,32918000,CDL3INSIDE_Bull,2.0
2021-08-09 15:05:00-04:00,14875.375,14879.0498046875,14875.0615234375,14877.732421875,14877.732421875,33441000,CDLHIKKAKE_Bear,1.0
2021-08-09 15:10:00-04:00,14877.986328125,14877.986328125,14872.8271484375,14874.2158203125,14874.2158203125,36058000,CDLBELTHOLD_Bear,3.0
2021-08-09 15:15:00-04:00,14874.1689453125,14875.4931640625,14872.5029296875,14873.2978515625,14873.2978515625,35180000,CDL3OUTSIDE_Bear,1.0
2021-08-09 15:20:00-04:00,14872.955078125,14874.21484375,14866.51953125,14866.52734375,14866.52734375,37148000,CDLCLOSINGMARUBOZU_Bear,1.0
2021-08-09 15:25:00-04:00,14866.5341796875,14869.3369140625,14865.734375,14869.1806640625,14869.1806640625,34849000,CDLHARAMI_Bull,1.0
2021-08-09 15:30:00-04:00,14869.037109375,14873.5615234375,14868.755859375,14871.15234375,14871.15234375,40160000,NO_PATTERN,0.0
2021-08-09 15:35:00-04:00,14871.1044921875,14873.1650390625,14870.1240234375,14872.826171875,14872.826171875,47584000,NO_PATTERN,0.0
2021-08-09 15:40:00-04:00,14872.955078125,14873.9052734375,14869.1533203125,14869.7744140625,14869.7744140625,45960000,CDLENGULFING_Bear,1.0
2021-08-09 15:45:00-04:00,14869.525390625,14869.669921875,14860.234375,14860.234375,14860.234375,49421000,,
2021-08-09 15:50:00-04:00,14862.8251953125,14862.8251953125,14857.013671875,14857.013671875,14857.013671875,93992000,,
2021-08-09 15:55:00-04:00,14857.2158203125,14863.2744140625,14856.697265625,14860.2548828125,14860.2548828125,119969000,CDLHARAMI_Bull,1.0
2021-08-10 09:30:00-04:00,14888.4912109375,14894.0224609375,14869.962890625,14876.6826171875,14876.6826171875,0,NO_PATTERN,0.0
2021-08-10 09:35:00-04:00,14879.5771484375,14879.9892578125,14866.4267578125,14866.4267578125,14866.4267578125,96352132,,
2021-08-10 09:40:00-04:00,14866.6552734375,14879.0,14864.4521484375,14879.0,14879.0,88624050,CDLCLOSINGMARUBOZU_Bull,1.0
2021-08-10 09:45:00-04:00,14879.5458984375,14883.169921875,14875.6201171875,14877.119140625,14877.119140625,99687917,NO_PATTERN,0.0
2021-08-10 09:50:00-04:00,14875.3017578125,14885.7578125,14875.3017578125,14877.28125,14877.28125,73921229,NO_PATTERN,0.0
2021-08-10 09:55:00-04:00,14878.076171875,14885.90234375,14875.0322265625,14884.791015625,14884.791015625,61375640,NO_PATTERN,0.0
2021-08-10 10:00:00-04:00,14886.2265625,14890.533203125,14870.197265625,14870.375,14870.375,67835904,CDLCLOSINGMARUBOZU_Bear,2.0
2021-08-10 10:05:00-04:00,14871.2880859375,14871.2880859375,14862.7685546875,14864.6806640625,14864.6806640625,68925429,,
2021-08-10 10:10:00-04:00,14864.572265625,14872.71875,14863.185546875,14865.9580078125,14865.9580078125,62033647,CDLSPINNINGTOP_Bull,1.0
2021-08-10 10:15:00-04:00,14864.6923828125,14869.6416015625,14859.919921875,14860.8359375,14860.8359375,56443265,NO_PATTERN,0.0
2021-08-10 10:20:00-04:00,14859.83203125,14863.626953125,14859.171875,14862.8486328125,14862.8486328125,55022819,CDLSHORTLINE_Bull,1.0
2021-08-10 10:25:00-04:00,14862.7724609375,14864.50390625,14840.3837890625,14840.3837890625,14840.3837890625,54628682,,
2021-08-10 10:30:00-04:00,14838.4580078125,14838.4580078125,14801.7255859375,14804.98046875,14804.98046875,65703000,CDLBELTHOLD_Bear,1.0
2021-08-10 10:35:00-04:00,14804.7109375,14811.1083984375,14801.8984375,14809.7587890625,14809.7587890625,54269000,NO_PATTERN,0.0
2021-08-10 10:40:00-04:00,14807.8798828125,14807.8798828125,14773.185546875,14777.28515625,14777.28515625,59526000,CDLBELTHOLD_Bear,2.0
2021-08-10 10:45:00-04:00,14777.0888671875,14800.2587890625,14774.4775390625,14798.587890625,14798.587890625,50023000,CDLCLOSINGMARUBOZU_Bull,1.0
2021-08-10 10:50:00-04:00,14798.251953125,14798.251953125,14773.400390625,14784.380859375,14784.380859375,49476000,CDLHARAMI_Bear,2.0
2021-08-10 10:55:00-04:00,14783.59765625,14784.599609375,14777.7275390625,14784.599609375,14784.599609375,41375000,CDLLONGLEGGEDDOJI_Bull,4.0
2021-08-10 11:00:00-04:00,14783.4658203125,14783.4658203125,14766.30078125,14777.755859375,14777.755859375,45456000,CDLHAMMER_Bull,2.0
2021-08-10 11:05:00-04:00,14778.3740234375,14780.7744140625,14764.3154296875,14764.3154296875,14764.3154296875,40786000,,
2021-08-10 11:10:00-04:00,14763.8427734375,14772.9306640625,14757.1767578125,14757.1767578125,14757.1767578125,47443000,CDLINVERTEDHAMMER_Bull,1.0
2021-08-10 11:15:00-04:00,14756.8291015625,14768.568359375,14754.484375,14763.8984375,14763.8984375,41740000,CDLENGULFING_Bull,1.0
2021-08-10 11:20:00-04:00,14762.9140625,14784.4384765625,14762.9140625,14784.3876953125,14784.3876953125,38641000,,
2021-08-10 11:25:00-04:00,14784.4404296875,14787.8583984375,14781.1298828125,14785.220703125,14785.220703125,39583000,CDLRICKSHAWMAN_Bull,6.0
2021-08-10 11:30:00-04:00,14785.7197265625,14793.7099609375,14781.9189453125,14793.5693359375,14793.5693359375,38855000,NO_PATTERN,0.0
2021-08-10 11:35:00-04:00,14794.1982421875,14798.9580078125,14792.15625,14797.96875,14797.96875,39640000,CDLSHORTLINE_Bull,1.0
2021-08-10 11:40:00-04:00,14800.208984375,14802.0859375,14794.6337890625,14796.310546875,14796.310546875,36434000,CDLSHORTLINE_Bear,1.0
2021-08-10 11:45:00-04:00,14796.609375,14805.099609375,14794.5576171875,14804.326171875,14804.326171875,35964000,,
2021-08-10 11:50:00-04:00,14803.7744140625,14805.5068359375,14798.6201171875,14798.6201171875,14798.6201171875,35005000,,
2021-08-10 11:55:00-04:00,14798.609375,14799.67578125,14795.4541015625,14796.46875,14796.46875,32179000,,
2021-08-10 12:00:00-04:00,14797.03125,14816.1669921875,14797.03125,14815.2548828125,14815.2548828125,37416000,,
2021-08-10 12:05:00-04:00,14815.021484375,14817.7041015625,14812.6494140625,14813.38671875,14813.38671875,30972000,CDLHARAMI_Bear,1.0
2021-08-10 12:10:00-04:00,14813.248046875,14817.390625,14812.439453125,14817.0771484375,14817.0771484375,35657000,,
2021-08-10 12:15:00-04:00,14817.1982421875,14825.8857421875,14814.55078125,14824.7822265625,14824.7822265625,33390000,CDL3OUTSIDE_Bull,1.0
2021-08-10 12:20:00-04:00,14825.099609375,14826.3564453125,14823.6376953125,14825.5771484375,14825.5771484375,31287000,CDLRICKSHAWMAN_Bull,8.0
2021-08-10 12:25:00-04:00,14825.482421875,14828.552734375,14820.5068359375,14820.5068359375,14820.5068359375,32407000,CDLXSIDEGAP3METHODS_Bull,1.0
2021-08-10 12:30:00-04:00,14820.3994140625,14820.3994140625,14810.279296875,14810.279296875,14810.279296875,30808000,,
2021-08-10 12:35:00-04:00,14810.4296875,14813.81640625,14810.4296875,14812.037109375,14812.037109375,29481000,CDLHARAMI_Bull,1.0
2021-08-10 12:40:00-04:00,14811.7587890625,14812.646484375,14806.4833984375,14807.7568359375,14807.7568359375,25992000,CDLHIKKAKE_Bull,1.0
2021-08-10 12:45:00-04:00,14807.9423828125,14810.052734375,14805.154296875,14806.4560546875,14806.4560546875,28695000,NO_PATTERN,0.0
2021-08-10 12:50:00-04:00,14806.955078125,14808.349609375,14806.1416015625,14806.66796875,14806.66796875,28349000,CDLMATCHINGLOW_Bull,6.0
2021-08-10 12:55:00-04:00,14806.611328125,14806.611328125,14803.01953125,14803.01953125,14803.01953125,28183000,,
2021-08-10 13:00:00-04:00,14803.21875,14810.8408203125,14802.7939453125,14807.9482421875,14807.9482421875,25577000,CDLBELTHOLD_Bull,1.0
2021-08-10 13:05:00-04:00,14807.72265625,14809.623046875,14806.1591796875,14807.4775390625,14807.4775390625,27653000,CDLRICKSHAWMAN_Bull,7.0
2021-08-10 13:10:00-04:00,14807.3837890625,14809.62890625,14804.9228515625,14807.298828125,14807.298828125,30436000,CDLMATCHINGLOW_Bull,6.0
2021-08-10 13:15:00-04:00,14806.9609375,14809.947265625,14805.125,14808.802734375,14808.802734375,28793000,CDLENGULFING_Bull,1.0
2021-08-10 13:20:00-04:00,14808.875,14808.875,14803.5849609375,14804.1728515625,14804.1728515625,31363000,,
2021-08-10 13:25:00-04:00,14803.5947265625,14804.388671875,14798.1953125,14800.1982421875,14800.1982421875,29434000,CDL3OUTSIDE_Bear,1.0
2021-08-10 13:30:00-04:00,14800.5751953125,14804.435546875,14796.767578125,14801.3095703125,14801.3095703125,29612000,CDLHARAMI_Bull,3.0
2021-08-10 13:35:00-04:00,14801.0419921875,14801.18359375,14795.095703125,14795.162109375,14795.162109375,33956000,,
2021-08-10 13:40:00-04:00,14795.3388671875,14797.3349609375,14794.1142578125,14795.9521484375,14795.9521484375,26861000,CDLHARAMI_Bull,2.0
2021-08-10 13:45:00-04:00,14794.7646484375,14794.7646484375,14787.8330078125,14793.01953125,14793.01953125,34380000,CDLHAMMER_Bull,1.0
2021-08-10 13:50:00-04:00,14792.8330078125,14794.16015625,14790.92578125,14793.173828125,14793.173828125,28643000,CDLRICKSHAWMAN_Bull,5.0
2021-08-10 13:55:00-04:00,14793.14453125,14798.1533203125,14793.14453125,14796.849609375,14796.849609375,27284000,,
2021-08-10 14:00:00-04:00,14796.8115234375,14799.3359375,14784.4453125,14784.4453125,14784.4453125,32512000,CDLCLOSINGMARUBOZU_Bear,2.0
2021-08-10 14:05:00-04:00,14784.4091796875,14784.4091796875,14776.5478515625,14777.4130859375,14777.4130859375,28153000,,
2021-08-10 14:10:00-04:00,14777.5400390625,14777.5888671875,14771.6640625,14772.1435546875,14772.1435546875,29534000,,
2021-08-10 14:15:00-04:00,14771.98828125,14776.509765625,14769.927734375,14776.2119140625,14776.2119140625,29843000,CDLCLOSINGMARUBOZU_Bull,1.0
2021-08-10 14:20:00-04:00,14776.2470703125,14781.4931640625,14772.8505859375,14781.2548828125,14781.2548828125,29508000,CDLCLOSINGMARUBOZU_Bull,1.0
2021-08-10 14:25:00-04:00,14781.2197265625,14786.2734375,14780.896484375,14784.7060546875,14784.7060546875,26701000,CDLSTALLEDPATTERN_Bear,1.0
2021-08-10 14:30:00-04:00,14785.2001953125,14788.9453125,14784.8115234375,14788.9453125,14788.9453125,25729000,CDLSHORTLINE_Bull,1.0
2021-08-10 14:35:00-04:00,14789.033203125,14792.095703125,14788.59765625,14791.4052734375,14791.4052734375,24812000,CDLSHORTLINE_Bull,1.0
2021-08-10 14:40:00-04:00,14791.39453125,14791.7333984375,14789.4541015625,14791.6455078125,14791.6455078125,26963000,CDLLONGLEGGEDDOJI_Bull,5.0
2021-08-10 14:45:00-04:00,14791.9091796875,14796.3642578125,14791.9091796875,14795.17578125,14795.17578125,22570000,CDLHIKKAKE_Bear,1.0
2021-08-10 14:50:00-04:00,14795.171875,14795.171875,14791.92578125,14793.84765625,14793.84765625,25715000,NO_PATTERN,0.0
2021-08-10 14:55:00-04:00,14793.396484375,14796.958984375,14793.01171875,14796.958984375,14796.958984375,28314000,,
2021-08-10 15:00:00-04:00,14796.8798828125,14799.3271484375,14793.025390625,14794.876953125,14794.876953125,29371000,NO_PATTERN,0.0
2021-08-10 15:05:00-04:00,14794.890625,14794.890625,14790.6748046875,14791.255859375,14791.255859375,30184000,,
2021-08-10 15:10:00-04:00,14790.8818359375,14793.1904296875,14789.716796875,14791.98828125,14791.98828125,32208000,CDLSPINNINGTOP_Bull,1.0
2021-08-10 15:15:00-04:00,14791.673828125,14793.92578125,14786.671875,14788.0859375,14788.0859375,28734000,NO_PATTERN,0.0
2021-08-10 15:20:00-04:00,14788.1083984375,14794.494140625,14788.1083984375,14793.486328125,14793.486328125,32211000,CDLBELTHOLD_Bull,1.0
2021-08-10 15:25:00-04:00,14793.453125,14795.658203125,14792.9423828125,14794.873046875,14794.873046875,32818000,CDLSHORTLINE_Bull,1.0
2021-08-10 15:30:00-04:00,14795.294921875,14795.990234375,14791.5712890625,14792.404296875,14792.404296875,41552000,,
2021-08-10 15:35:00-04:00,14793.109375,14796.0673828125,14785.990234375,14785.990234375,14785.990234375,39575000,CDL3OUTSIDE_Bear,2.0
2021-08-10 15:40:00-04:00,14786.4716796875,14788.9052734375,14782.9853515625,14784.0126953125,14784.0126953125,50643000,NO_PATTERN,0.0
2021-08-10 15:45:00-04:00,14784.142578125,14785.5244140625,14777.603515625,14777.9130859375,14777.9130859375,45535000,CDLCLOSINGMARUBOZU_Bear,1.0
2021-08-10 15:50:00-04:00,14777.3916015625,14777.466796875,14772.912109375,14775.22265625,14775.22265625,72702000,CDLHAMMER_Bull,1.0
2021-08-10 15:55:00-04:00,14774.8818359375,14788.859375,14773.951171875,14788.859375,14788.859375,147788000,,
2021-08-11 09:30:00-04:00,14835.4873046875,14842.05078125,14824.7734375,14840.2978515625,14840.2978515625,0,CDL3OUTSIDE_Bull,1.0
2021-08-11 09:35:00-04:00,14835.654296875,14836.048828125,14798.6474609375,14806.876953125,14806.876953125,99273786,CDLSEPARATINGLINES_Bear,2.0
2021-08-11 09:40:00-04:00,14807.6142578125,14812.2001953125,14792.0771484375,14797.1904296875,14797.1904296875,83555704,NO_PATTERN,0.0
2021-08-11 09:45:00-04:00,14797.3759765625,14797.3759765625,14776.9111328125,14789.4150390625,14789.4150390625,78485048,CDLHAMMER_Bull,1.0
2021-08-11 09:50:00-04:00,14790.6884765625,14801.228515625,14787.0810546875,14795.0166015625,14795.0166015625,74540527,NO_PATTERN,0.0
2021-08-11 09:55:00-04:00,14795.466796875,14802.99609375,14789.556640625,14789.556640625,14789.556640625,68736792,CDLENGULFING_Bear,1.0
2021-08-11 10:00:00-04:00,14786.37890625,14802.0283203125,14786.37890625,14800.8896484375,14800.8896484375,65491222,,
2021-08-11 10:05:00-04:00,14800.455078125,14807.1416015625,14789.8828125,14790.5234375,14790.5234375,64158781,CDLCLOSINGMARUBOZU_Bear,1.0
2021-08-11 10:10:00-04:00,14789.6806640625,14791.005859375,14770.609375,14773.13671875,14773.13671875,67080618,,
2021-08-11 10:15:00-04:00,14774.5009765625,14776.720703125,14769.94921875,14772.4609375,14772.4609375,61746780,,
2021-08-11 10:20:00-04:00,14772.0927734375,14779.5830078125,14768.91796875,14779.5830078125,14779.5830078125,59412665,,
2021-08-11 10:25:00-04:00,14779.638671875,14782.2099609375,14778.6953125,14779.0693359375,14779.0693359375,54464491,,
2021-08-11 10:30:00-04:00,14777.7978515625,14782.34375,14765.3115234375,14766.9765625,14766.9765625,55632000,NO_PATTERN,0.0
2021-08-11 10:35:00-04:00,14765.318359375,14768.9443359375,14757.919921875,14760.8955078125,14760.8955078125,49969000,NO_PATTERN,0.0
2021-08-11 10:40:00-04:00,14760.96875,14775.9541015625,14758.24609375,14774.9853515625,14774.9853515625,50188000,CDLMORNINGSTAR_Bull,3.0
2021-08-11 10:45:00-04:00,14775.0595703125,14775.0595703125,14768.71875,14770.921875,14770.921875,50453000,CDLSHORTLINE_Bear,1.0
2021-08-11 10:50:00-04:00,14771.044921875,14773.763671875,14760.6826171875,14762.2548828125,14762.2548828125,47287000,CDLHIKKAKE_Bull,1.0
2021-08-11 10:55:00-04:00,14761.923828125,14761.94921875,14747.482421875,14747.482421875,14747.482421875,51777000,,
2021-08-11 11:00:00-04:00,14747.3154296875,14747.3154296875,14721.8447265625,14723.17578125,14723.17578125,58380000,,
2021-08-11 11:05:00-04:00,14723.4189453125,14728.439453125,14720.8974609375,14720.8974609375,14720.8974609375,49116000,NO_PATTERN,0.0
2021-08-11 11:10:00-04:00,14721.6796875,14726.5830078125,14715.75,14716.8154296875,14716.8154296875,49202000,NO_PATTERN,0.0
2021-08-11 11:15:00-04:00,14714.07421875,14717.744140625,14699.7724609375,14702.5791015625,14702.5791015625,56138000,NO_PATTERN,0.0
2021-08-11 11:20:00-04:00,14703.9921875,14724.0244140625,14703.9921875,14723.4306640625,14723.4306640625,44621000,,
2021-08-11 11:25:00-04:00,14723.5673828125,14727.517578125,14720.8115234375,14725.4921875,14725.4921875,40383000,CDLSPINNINGTOP_Bull,1.0
2021-08-11 11:30:00-04:00,14725.775390625,14727.796875,14718.8818359375,14724.6982421875,14724.6982421875,42414000,CDLRICKSHAWMAN_Bull,4.0
2021-08-11 11:35:00-04:00,14723.921875,14727.78125,14720.380859375,14723.923828125,14723.923828125,40218000,CDLRICKSHAWMAN_Bull,5.0
2021-08-11 11:40:00-04:00,14725.1083984375,14725.32421875,14708.80078125,14709.8701171875,14709.8701171875,38499000,,
2021-08-11 11:45:00-04:00,14711.4443359375,14716.1201171875,14701.4384765625,14701.4384765625,14701.4384765625,35424000,CDL3OUTSIDE_Bear,2.0
2021-08-11 11:50:00-04:00,14700.7724609375,14704.7568359375,14692.4130859375,14702.2890625,14702.2890625,44648000,CDLTHRUSTING_Bear,2.0
2021-08-11 11:55:00-04:00,14702.119140625,14708.873046875,14700.8974609375,14706.5634765625,14706.5634765625,32749000,CDLSHORTLINE_Bull,1.0
2021-08-11 12:00:00-04:00,14706.54296875,14729.2470703125,14704.1611328125,14729.2470703125,14729.2470703125,34946000,,
2021-08-11 12:05:00-04:00,14729.2158203125,14733.1005859375,14725.5625,14727.41796875,14727.41796875,32927000,CDLHARAMI_Bear,2.0
2021-08-11 12:10:00-04:00,14726.798828125,14726.798828125,14718.046875,14722.2607421875,14722.2607421875,31426000,NO_PATTERN,0.0
2021-08-11 12:15:00-04:00,14722.6904296875,14722.8515625,14714.5859375,14716.5546875,14716.5546875,30015000,CDLSHORTLINE_Bear,1.0
2021-08-11 12:20:00-04:00,14716.1806640625,14724.669921875,14715.2998046875,14724.6689453125,14724.6689453125,32223000,,
2021-08-11 12:25:00-04:00,14724.779296875,14730.490234375,14724.779296875,14728.8388671875,14728.8388671875,28723000,,
2021-08-11 12:30:00-04:00,14728.8046875,14738.5380859375,14727.685546875,14738.5380859375,14738.5380859375,30193000,,
2021-08-11 12:35:00-04:00,14739.0205078125,14740.5517578125,14733.9677734375,14735.0703125,14735.0703125,26896000,CDLSHORTLINE_Bear,1.0
2021-08-11 12:40:00-04:00,14735.173828125,14736.4384765625,14733.36328125,14734.3095703125,14734.3095703125,26024000,,
2021-08-11 12:45:00-04:00,14734.5234375,14741.06640625,14734.5234375,14739.619140625,14739.619140625,26295000,NO_PATTERN,0.0
2021-08-11 12:50:00-04:00,14740.0263671875,14740.2509765625,14732.021484375,14732.4814453125,14732.4814453125,27675000,,
2021-08-11 12:55:00-04:00,14732.390625,14735.98828125,14729.4638671875,14735.85546875,14735.85546875,21895000,NO_PATTERN,0.0
2021-08-11 13:00:00-04:00,14736.1357421875,14754.4091796875,14735.470703125,14751.4248046875,14751.4248046875,32395000,CDLBELTHOLD_Bull,1.0
2021-08-11 13:05:00-04:00,14751.640625,14754.283203125,14749.3857421875,14753.615234375,14753.615234375,27475000,NO_PATTERN,0.0
2021-08-11 13:10:00-04:00,14753.3623046875,14757.201171875,14750.8720703125,14752.251953125,14752.251953125,28186000,CDLSPINNINGTOP_Bear,2.0
2021-08-11 13:15:00-04:00,14752.46875,14752.7568359375,14743.443359375,14747.693359375,14747.693359375,29407000,CDLHIKKAKE_Bear,1.0
2021-08-11 13:20:00-04:00,14747.7568359375,14749.291015625,14744.453125,14749.291015625,14749.291015625,25972000,NO_PATTERN,0.0
2021-08-11 13:25:00-04:00,14749.244140625,14752.7158203125,14748.560546875,14752.607421875,14752.607421875,25402000,,
2021-08-11 13:30:00-04:00,14752.990234375,14754.470703125,14746.720703125,14747.8125,14747.8125,24828000,CDLENGULFING_Bear,1.0
2021-08-11 13:35:00-04:00,14747.5341796875,14748.1787109375,14734.224609375,14734.224609375,14734.224609375,24807000,,
2021-08-11 13:40:00-04:00,14733.8623046875,14734.10546875,14726.40234375,14727.466796875,14727.466796875,27698000,,
2021-08-11 13:45:00-04:00,14727.755859375,14734.9287109375,14727.755859375,14730.05078125,14730.05078125,29607000,CDLHARAMI_Bull,1.0
2021-08-11 13:50:00-04:00,14729.3935546875,14732.0244140625,14727.6533203125,14732.0244140625,14732.0244140625,21921000,NO_PATTERN,0.0
2021-08-11 13:55:00-04:00,14732.55078125,14736.74609375,14732.220703125,14735.6220703125,14735.6220703125,25354000,CDLSHORTLINE_Bull,1.0
2021-08-11 14:00:00-04:00,14735.4150390625,14739.9501953125,14730.8427734375,14739.46484375,14739.46484375,24763000,CDLHANGINGMAN_Bear,1.0
2021-08-11 14:05:00-04:00,14739.3564453125,14747.2646484375,14739.3564453125,14746.212890625,14746.212890625,25893000,,
2021-08-11 14:10:00-04:00,14746.251953125,14746.251953125,14743.681640625,14744.62109375,14744.62109375,24450000,CDLSHORTLINE_Bear,1.0
2021-08-11 14:15:00-04:00,14744.765625,14745.7041015625,14738.7919921875,14738.7919921875,14738.7919921875,24405000,,
2021-08-11 14:20:00-04:00,14738.5859375,14740.3466796875,14733.6982421875,14735.0419921875,14735.0419921875,26353000,NO_PATTERN,0.0
2021-08-11 14:25:00-04:00,14735.3583984375,14739.412109375,14734.3203125,14739.412109375,14739.412109375,26452000,,
2021-08-11 14:30:00-04:00,14739.2802734375,14749.2744140625,14739.2802734375,14747.658203125,14747.658203125,30225000,CDLBELTHOLD_Bull,2.0
2021-08-11 14:35:00-04:00,14747.3974609375,14751.0927734375,14747.1796875,14750.0078125,14750.0078125,26722000,CDLSHORTLINE_Bull,1.0
2021-08-11 14:40:00-04:00,14749.8505859375,14755.3564453125,14749.8505859375,14752.6767578125,14752.6767578125,30602000,NO_PATTERN,0.0
2021-08-11 14:45:00-04:00,14752.7490234375,14754.3369140625,14750.365234375,14752.6650390625,14752.6650390625,28238000,CDLRICKSHAWMAN_Bull,5.0
2021-08-11 14:50:00-04:00,14752.5224609375,14754.9384765625,14750.7587890625,14751.37890625,14751.37890625,24990000,CDLHIKKAKE_Bear,1.0
2021-08-11 14:55:00-04:00,14751.357421875,14755.1748046875,14750.3486328125,14751.7587890625,14751.7587890625,29369000,CDLRICKSHAWMAN_Bull,5.0
2021-08-11 15:00:00-04:00,14752.3544921875,14754.7744140625,14748.83203125,14752.6630859375,14752.6630859375,30962000,CDLRICKSHAWMAN_Bull,5.0
2021-08-11 15:05:00-04:00,14752.384765625,14758.34765625,14751.6083984375,14757.8740234375,14757.8740234375,26850000,,
2021-08-11 15:10:00-04:00,14758.09765625,14761.0146484375,14756.5498046875,14756.5498046875,14756.5498046875,30031000,NO_PATTERN,0.0
2021-08-11 15:15:00-04:00,14756.3076171875,14756.3076171875,14751.5078125,14753.185546875,14753.185546875,29926000,CDLBELTHOLD_Bear,1.0
2021-08-11 15:20:00-04:00,14753.2119140625,14759.482421875,14753.0625,14759.462890625,14759.462890625,33180000,,
2021-08-11 15:25:00-04:00,14759.455078125,14761.1650390625,14758.814453125,14760.6572265625,14760.6572265625,34796000,CDLSHORTLINE_Bull,1.0
2021-08-11 15:30:00-04:00,14760.6650390625,14761.3330078125,14757.75390625,14760.689453125,14760.689453125,39640000,CDLLONGLEGGEDDOJI_Bull,5.0
2021-08-11 15:35:00-04:00,14760.6044921875,14760.6044921875,14753.5703125,14753.5703125,14753.5703125,38642000,,
2021-08-11 15:40:00-04:00,14753.5419921875,14756.3125,14751.8857421875,14752.2744140625,14752.2744140625,44004000,CDLINVERTEDHAMMER_Bull,1.0
2021-08-11 15:45:00-04:00,14752.9541015625,14764.9892578125,14752.0087890625,14763.60546875,14763.60546875,52322000,CDLMORNINGSTAR_Bull,1.0
2021-08-11 15:50:00-04:00,14759.35546875,14769.318359375,14759.35546875,14761.9443359375,14761.9443359375,76145000,CDLHARAMI_Bear,1.0
2021-08-11 15:55:00-04:00,14762.583984375,14767.3212890625,14761.396484375,14764.1748046875,14764.1748046875,153998000,NO_PATTERN,0.0
2021-08-11 16:00:00-04:00,14765.134765625,14765.134765625,14765.134765625,14765.134765625,14765.134765625,0,,
